Wort,Num
ich,2166
ist,1664
das,1495
sie,1398
es,1346
du,1200
die,1143
nicht,1094
und,925
der,856
was,701
ein,590
i,560
in,533
wir,513
zu,481
er,434
eine,379
wie,369
sind,368
auf,360
mit,355
aber,348
den,343
mir,342
habe,337
mich,334
da,327
hier,321
so,318
von,300
haben,294
hat,293
bin,288
dass,288
an,277
ihr,271
nur,262
oh,255
war,246
wenn,239
doctor,230
bist,224
dich,222
meine,219
nein,218
kann,217
sich,198
noch,193
sein,189
wird,189
hast,187
jetzt,187
einen,187
alles,185
dem,184
aus,182
uns,180
als,179
dann,175
dir,168
also,160
ja,156
alle,154
wer,153
um,153
rose,148
mein,148
im,141
muss,141
einfach,141
gut,139
keine,138
etwas,130
diese,130
nichts,127
ihn,127
wo,127
warum,126
oder,126
schon,125
immer,122
yeah,121
werden,118
mal,117
euch,114
werde,103
nach,102
los,101
mami,100
sagen,99
sehen,99
geht,97
leben,96
auch,95
dieses,95
welt,94
zeit,91
ihnen,90
sir,88
gehen,87
tun,85
man,85
bitte,85
einem,84
des,83
danke,80
tot,80
denn,80
gesagt,79
vor,79
nun,79
durch,77
gibt,75
hab,73
wurde,73
s,72
okay,72
gott,72
weg,71
mehr,71
kein,70
erde,70
dieser,69
vielleicht,68
weil,67
tut,66
dein,64
kannst,64
passiert,63
kommen,63
wirklich,62
menschen,62
zum,62
raus,61
bei,60
diesem,60
nie,60
deine,59
rein,59
wissen,59
sollte,59
einer,59
machen,59
gesehen,58
will,58
hatte,58
komm,57
jemand,57
macht,57
lassen,57
na,56
art,56
wieder,56
viel,55
sehr,54
kommt,54
doch,53
am,52
ihre,52
gerade,52
ganz,52
glaube,52
genau,52
meinen,51
leid,51
geh,50
besser,49
diesen,49
all,48
lass,48
ihm,48
sonnenfilter,48
minuten,46
soll,46
ganze,46
niemand,46
seid,45
hallo,44
vom,44
denke,44
einmal,43
sterben,42
unter,42
sicher,42
planeten,42
letzte,41
gemacht,40
selbst,40
mann,40
damit,40
ding,40
wollen,40
anderen,40
entschuldigung,40
gar,40
willst,40
bis,39
zur,39
mickey,39
sag,39
alien,37
siehst,37
mr,37
leute,36
mum,36
seine,36
ordnung,36
ob,35
dachte,35
unten,34
tag,34
tod,34
sei,34
tardis,34
eines,34
daran,33
warst,33
meinst,33
gekommen,33
wenig,33
menschheit,33
genug,32
sofort,32
geschichte,32
freund,32
jahre,32
polizei,31
planet,31
mutter,31
aliens,31
wirst,31
seit,31
slitheen,31
mach,30
helfen,30
keinen,30
schuld,30
jahren,30
zwei,30
dies,29
habt,29
finden,29
signal,29
ende,29
ah,29
ganzen,29
kind,29
kopf,29
sieht,29
sollen,29
de,29
miss,29
bleiben,29
davon,28
hause,28
bekommen,28
deinen,28
lange,28
dort,28
haus,28
www,28
irgendetwas,28
hitzelevel,28
etage,28
jack,28
ort,27
tyler,27
namen,27
irgendwo,27
wollte,27
lasst,27
getan,27
geld,26
glauben,26
nacht,26
konnte,26
vater,26
weiter,26
brauchen,26
gewesen,26
by,26
sollten,25
viele,25
musst,25
gefunden,25
dad,25
bord,25
time,25
schiff,25
of,25
waren,25
raum,25
ab,25
sagte,24
retten,24
naja,24
essen,24
rasse,24
familie,24
paar,24
moment,24
zusammen,24
sieh,24
london,24
erd,24
nehmen,24
abnehmend,24
spalt,24
luft,23
denken,23
reden,23
frau,23
jeden,23
geben,23
ohne,23
kleine,23
dalek,23
satellite,23
wohl,22
sprechen,22
krieg,22
bevor,22
darauf,22
richtig,22
meiner,22
warten,21
oben,21
name,21
versucht,21
letzten,21
machst,21
sage,21
heute,21
kleinen,21
jahr,21
halten,21
wurden,21
himmel,21
jeder,21
gute,21
van,21
statten,21
bombe,21
wilson,20
kontrolliert,20
drinnen,20
beim,20
kommst,20
nett,20
kenne,20
falsch,20
jede,20
sagt,20
denkst,20
recht,20
stadt,20
dabei,20
nancy,20
computer,19
seiner,19
gerne,19
ihrem,19
wahr,19
zukunft,19
hin,19
milliarden,19
raumschiff,19
mensch,19
woher,19
idee,18
lauf,18
warte,18
alte,18
wegen,18
allein,18
erste,18
gesamte,18
uhm,18
aufhalten,18
teufel,18
seht,18
gebracht,18
andere,18
sekunden,18
dinge,18
bisschen,18
teil,17
ehrlich,17
spiel,17
chance,17
meinem,17
weit,17
mitten,17
menschliche,17
sache,17
klar,17
stimmt,17
bedeutet,17
fast,17
steigt,17
anderes,17
fragen,17
brauche,17
captain,17
seinen,16
plastik,16
absolut,16
tust,16
punkt,16
glaubst,16
her,16
getroffen,16
sonst,16
deiner,16
fall,16
guter,16
neue,16
bewusstsein,16
fantastisch,16
technologie,16
schnell,16
wette,16
baut,16
steht,16
niemals,16
cardiff,16
wolf,16
harriet,16
deinem,16
drin,16
vernichten,16
bad,16
ok,15
nachrichten,15
hinter,15
gib,15
fair,15
hey,15
ins,15
verdammt,15
universum,15
face,15
kennen,15
gefallen,15
eher,15
sekunde,15
eigentlich,15
direkt,15
kleiner,15
eure,15
unsere,15
gwyneth,15
alt,15
nehme,15
big,15
angst,15
telefon,15
energie,15
sinn,14
haut,14
aussehen,14
millionen,14
wahl,14
einzige,14
wartet,14
bringt,14
gefahr,14
verstecken,14
guten,14
braucht,14
stehen,14
benutzen,14
arbeit,14
subcentral,14
sf,14
community,14
wup,14
imperium,14
deshalb,14
geschenk,14
vielen,14
dank,14
befeuchtet,14
wiedersehen,14
frage,14
wort,14
keiner,14
meister,14
nummer,14
bring,14
alleine,14
gas,14
jones,14
jackie,14
daleks,14
maaami,14
verstanden,13
jepp,13
jemanden,13
lebt,13
job,13
hatten,13
minute,13
allen,13
offensichtlich,13
reisen,13
verloren,13
vergessen,13
subbed,13
corax,13
uliamos,13
etwa,13
hierher,13
darf,13
welche,13
junge,13
eins,13
entschuldigen,13
ihren,13
stunden,13
antwort,13
worden,13
premierminister,13
denkt,13
spiele,13
schall,13
transmat,13
unser,12
laden,12
tochter,12
grund,12
ernst,12
gedacht,12
gleich,12
halt,12
kinder,12
sorry,12
gelandet,12
liebling,12
zuerst,12
invasion,12
street,12
schwierigkeiten,12
bekomme,12
steward,12
spezies,12
bekommt,12
ahnung,12
hoch,12
irgendwie,12
gesicht,12
bereit,12
versteckt,12
drei,12
vergangen,12
dickens,12
versuche,12
gelth,12
stellen,12
suchen,12
tu,12
musste,12
doktor,12
dran,11
lustig,11
studenten,11
augen,11
runter,11
dennoch,11
verschwinden,11
funktioniert,11
bewegung,11
sonne,11
ziemlich,11
sogar,11
archiv,11
glaub,11
perfekt,11
genannt,11
irgendeine,11
sender,11
schlecht,11
augenblick,11
willkommen,11
boe,11
bbc,11
broadcast,11
sagst,11
plattform,11
geboren,11
system,11
egal,11
vorsichtig,11
solltest,11
bleibt,11
gestorben,11
sneed,11
he,11
ruhe,11
einige,11
gab,11
ihrer,11
land,11
versuchen,11
plan,11
mache,11
befehle,11
licht,11
nanogene,11
arm,10
rufen,10
problem,10
londons,10
feuer,10
morgen,10
still,10
fallen,10
falls,10
krankenhaus,10
suki,10
pommes,10
gehe,10
verstehe,10
baby,10
a,10
anders,10
nestene,10
unsichtbar,10
denen,10
lady,10
lernen,10
waffen,10
uhr,10
jabe,10
friedens,10
mrs,10
ladies,10
kontrolle,10
bleib,10
gehirn,10
spinnen,10
holen,10
seinem,10
dumm,10
schilde,10
blick,10
herausfinden,10
beide,10
hilfe,10
tage,10
alter,10
jemals,10
charles,10
mag,10
komme,10
kleines,10
kam,10
gerettet,10
downing,10
wichtig,10
jagrafess,10
station,10
lynda,10
korrekte,10
lebende,9
darum,9
kennt,9
brauchst,9
schatz,9
hattest,9
passieren,9
schau,9
redest,9
auto,9
gelesen,9
anderer,9
geschehen,9
champagner,9
benutze,9
folgen,9
frei,9
jedes,9
erlaubnis,9
gelassen,9
allem,9
erst,9
herz,9
arbeiten,9
jahrhundert,9
hunderte,9
halbe,9
sehe,9
verboten,9
welcher,9
klein,9
ach,9
menschlich,9
schlau,9
code,9
sobald,9
zehn,9
wem,9
mister,9
zeitmaschine,9
eigenen,9
geschafft,9
vorbei,9
stark,9
lieber,9
irgendjemand,9
bringen,9
fan,9
geschlossen,9
verlassen,9
geholfen,9
rot,9
tanzen,9
zeug,9
kaum,9
irgendwas,9
ricky,9
kennst,9
experte,9
engt,9
wusste,9
brother,9
netter,8
niemandem,8
fernsehen,8
tee,8
bye,8
bekommst,8
verschwinde,8
umbringen,8
dreht,8
unseren,8
verstehst,8
letztes,8
reise,8
abend,8
sicherheit,8
nah,8
herum,8
gegen,8
antiplastik,8
rede,8
verbindung,8
geschichten,8
cassandra,8
wohin,8
euer,8
wozu,8
leer,8
papier,8
menge,8
memetik,8
spitze,8
obwohl,8
finde,8
zeigen,8
woche,8
richtigen,8
riechen,8
programmiert,8
kritisch,8
fehlfunktion,8
exoglasreparatur,8
voller,8
leuten,8
mitleid,8
oft,8
subtitles,8
dazu,8
zwischen,8
wesen,8
sitzen,8
liebe,8
angefangen,8
je,8
zentrum,8
notfall,8
fest,8
inneren,8
flydale,8
margaret,8
nationen,8
treffen,8
versuch,8
benutzt,8
codes,8
verkaufen,8
adam,8
fliegt,8
narbe,8
verletzungen,8
jamie,8
rodrick,8
wollt,7
krank,7
jagen,7
pfund,7
tode,7
jedenfalls,7
h,7
beeindruckend,7
zuhause,7
vergiss,7
sondern,7
begleiter,7
online,7
gewonnen,7
pizza,7
stoppen,7
verfolgen,7
innere,7
t,7
besten,7
verschwindet,7
einzelne,7
anfang,7
feind,7
nimm,7
angerufen,7
dinger,7
ganzes,7
begleitung,7
allerdings,7
vorstellen,7
delta,7
nennt,7
ooh,7
metall,7
bald,7
nenne,7
nennen,7
sorge,7
scheint,7
wert,7
aktiviert,7
hitze,7
lord,7
neun,7
felsen,7
date,7
werfen,7
verschwunden,7
gleiche,7
kumpel,7
verlieren,7
toten,7
wann,7
spricht,7
seite,7
freunde,7
geschickt,7
solange,7
gegeben,7
preis,7
ben,7
total,7
entfernt,7
nachricht,7
experten,7
abgeordnete,7
north,7
regierung,7
kontakt,7
wahrscheinlich,7
tisch,7
kurz,7
ersten,7
raxacoricofallapatorius,7
gehabt,7
waffe,7
entscheidung,7
zufall,7
komplex,7
segensreiche,7
typ,7
beiden,7
monat,7
deutschen,7
harkness,7
chula,7
kriegsschiff,7
projekt,7
strahl,7
sorgen,6
drink,6
besteht,6
schlafzimmer,6
kaffee,6
milch,6
schlimmer,6
bewegt,6
schlafen,6
welches,6
tief,6
wachen,6
puh,6
unserer,6
kriegen,6
anfangen,6
fliegen,6
norden,6
tarnung,6
gewusst,6
spreche,6
respekt,6
gelernt,6
angegriffen,6
beine,6
hand,6
moxx,6
balhoon,6
starrt,6
dill,6
werdet,6
gebrauch,6
gefolgt,6
bereits,6
namens,6
wiederholten,6
meines,6
allerbesten,6
absichten,6
gentlemen,6
identifiziere,6
dauern,6
hoffe,6
wenige,6
tasse,6
welchem,6
arten,6
kalt,6
gehalten,6
entschuldige,6
nette,6
fahren,6
rum,6
sprecht,6
ging,6
lieben,6
tue,6
tages,6
verbrannt,6
vergangenheit,6
halte,6
nimmt,6
gebt,6
sah,6
nimmst,6
gefangen,6
helft,6
gedanken,6
sauber,6
auge,6
hintern,6
geister,6
schaffen,6
innerhalb,6
existieren,6
schreiben,6
monate,6
internet,6
person,6
informationen,6
falle,6
haufen,6
beginnen,6
erinnern,6
satellit,6
stell,6
alarm,6
nackt,6
gefragt,6
kalzium,6
stellt,6
herzen,6
aufgewacht,6
schotts,6
vierte,6
nochmal,6
jedem,6
chip,6
information,6
hochzeit,6
manchmal,6
gleichen,6
spock,6
luftangriff,6
garten,6
zimmer,6
extrapolator,6
niedlich,6
crosbie,6
wessen,5
abgezogen,5
echten,5
jobs,5
klasse,5
gericht,5
meinte,5
wochen,5
verdient,5
fremder,5
kerl,5
durchreise,5
verfolgt,5
boden,5
klappe,5
scherz,5
website,5
schuppen,5
november,5
noten,5
schule,5
begonnen,5
wieviel,5
and,5
schmelzen,5
verstehen,5
vergisst,5
affen,5
telefonzelle,5
rund,5
mitte,5
lebendig,5
zivilisation,5
laufen,5
o,5
wolltest,5
nehmt,5
erinnert,5
gemeint,5
erhalten,5
rette,5
leicht,5
zeigt,5
mitarbeiter,5
danach,5
lungen,5
ereignis,5
kinn,5
komplett,5
erlaubt,5
blauen,5
kratzer,5
englisch,5
telepathisches,5
begriff,5
nope,5
rest,5
schief,5
geblieben,5
blut,5
volk,5
ruhig,5
schloss,5
hingehen,5
opfer,5
komische,5
explodieren,5
zumindest,5
oops,5
schande,5
sechs,5
test,5
ermordet,5
jungs,5
hilf,5
stirbt,5
zahlen,5
redpath,5
gegangen,5
leichen,5
weihnachten,5
links,5
arme,5
genie,5
freundin,5
alten,5
geplant,5
verlange,5
dunkelheit,5
suche,5
engel,5
unglaublich,5
stelle,5
richtung,5
froh,5
wunde,5
lang,5
klug,5
geheimnis,5
alarmstufe,5
pass,5
behaupten,5
raumschiffe,5
informieren,5
blaine,5
wagen,5
wunderbar,5
abgeben,5
bescheid,5
krise,5
genommen,5
wen,5
eben,5
schiffe,5
abgesehen,5
weile,5
tagen,5
rennt,5
wand,5
sergeant,5
fel,5
zutritt,5
protokolle,5
vereinten,5
gold,5
richtiges,5
hannibal,5
gebe,5
worauf,5
glaubt,5
million,5
museum,5
basis,5
goddard,5
fenster,5
gesamten,5
fliehen,5
endlich,5
roboter,5
dna,5
aufgehalten,5
lebst,5
neues,5
kronkburger,5
dune,5
erstes,5
abgeschlossen,5
daten,5
zeig,5
sarah,5
unfall,5
verletzt,5
violett,5
harmlos,5
luftschutzkeller,5
sperrballon,5
ernie,5
agent,5
objekt,5
gasmasken,5
gestohlen,5
spielt,5
rolle,5
transporter,5
com,5
bewegungen,5
atomkraftwerk,5
cleaver,5
beispiel,5
blaidd,5
drwg,5
ausgang,5
trisha,5
hausbewohner,5
korrekt,5
fitch,5
desintegriert,5
sonneneruptionen,5
lotterie,4
derek,4
clever,4
trick,4
kreaturen,4
toast,4
reich,4
verdienen,4
schadensersatz,4
knapp,4
verdienst,4
zahle,4
wirf,4
infrastruktur,4
probieren,4
schock,4
klage,4
sollst,4
streuner,4
falsche,4
letzter,4
angebot,4
leiche,4
fang,4
vorne,4
lebendem,4
schaufensterpuppen,4
vorhin,4
km,4
e,4
irrer,4
cliff,4
senden,4
geist,4
nachname,4
spur,4
abgesagt,4
strand,4
bessere,4
vertrauen,4
horden,4
dschinghis,4
khan,4
nutzen,4
soweit,4
d,4
relative,4
space,4
liebt,4
riesige,4
runde,4
denk,4
telefone,4
infiltriert,4
startet,4
besorgt,4
eingeladen,4
verbringen,4
idioten,4
cheam,4
brien,4
vorgesehen,4
langweilig,4
shuttles,4
docken,4
teleportation,4
suite,4
personen,4
reichen,4
trust,4
weiterhin,4
klassische,4
stunde,4
freundlich,4
herein,4
gast,4
jolco,4
city,4
geschenke,4
ehemann,4
musik,4
aufzuhalten,4
raffalo,4
wartungsarbeiten,4
wasser,4
crespallion,4
ausmacht,4
registrieren,4
box,4
strengstens,4
aye,4
tiefen,4
mitgenommen,4
feld,4
maschine,4
fragst,4
witze,4
fahrer,4
taxi,4
trickserei,4
technische,4
passt,4
rote,4
scannen,4
gestiegen,4
treffe,4
mitternacht,4
personal,4
korporation,4
veranstaltung,4
einrichtung,4
unsinkbar,4
heimat,4
daddy,4
rand,4
gebaut,4
nannten,4
vorfahren,4
metallmaschine,4
identifizieren,4
frisch,4
retro,4
temperatur,4
einfachen,4
wurdest,4
mauern,4
gehofft,4
kostet,4
verhaftet,4
sicherheitssysteme,4
brenn,4
kraftfeld,4
erledigen,4
schalter,4
grad,4
verschwenden,4
acht,4
vier,4
ideen,4
knarrend,4
obdachlosen,4
zeitung,4
beton,4
lords,4
klingt,4
gerufen,4
dahin,4
leichenwagen,4
rechts,4
beeil,4
seltsame,4
beste,4
bleibst,4
verdammte,4
zufrieden,4
entkommen,4
geschrieben,4
jagd,4
charlie,4
geschieht,4
herr,4
umher,4
gestalt,4
stecken,4
kraft,4
zeiten,4
gutes,4
hmm,4
hinein,4
leitungen,4
huh,4
offen,4
herren,4
vertraut,4
fleisch,4
weltkrieg,4
drehen,4
auseinander,4
steckt,4
aller,4
durcheinander,4
beweisen,4
nutzlos,4
meilen,4
ansehen,4
armee,4
raumschiffes,4
farbe,4
green,4
winzig,4
ergebnis,4
kandidaten,4
deinetwegen,4
bitten,4
seitdem,4
radar,4
reparieren,4
software,4
bemerkt,4
ziehen,4
hinten,4
nordsee,4
tragen,4
enden,4
indem,4
folgt,4
zieht,4
fotch,4
boot,4
fertig,4
irgendwelche,4
vorher,4
worte,4
normal,4
trotzdem,4
passwort,4
versprechen,4
antworten,4
morgens,4
essig,4
verabschieden,4
geparkt,4
verkleidet,4
trinkt,4
platz,4
einziges,4
salt,4
sammlung,4
henry,4
kreatur,4
strom,4
erstaunlich,4
lebens,4
darin,4
fiel,4
sitzt,4
verhandeln,4
umgehen,4
sterne,4
bewaffnet,4
san,4
editor,4
raumstation,4
seltsam,4
lesen,4
management,4
gesendet,4
cathica,4
schwester,4
fakten,4
selben,4
darfst,4
andauernd,4
keinem,4
peter,4
alan,4
unserem,4
gehst,4
gezeigt,4
watson,4
verspreche,4
rausgeworfen,4
versteht,4
klingeln,4
deutsche,4
bomben,4
zaun,4
per,4
voll,4
stacheldraht,4
blitz,4
bruder,4
constantine,4
gasmaske,4
einschlagsstelle,4
drauf,4
betrug,4
vulkanausbruchs,4
tanzt,4
sucht,4
weltraumschrott,4
blaster,4
schraubenzieher,4
meter,4
ambulanz,4
heilen,4
protokoll,4
rettungskapsel,4
menschliches,4
cathy,4
blon,4
ei,4
android,4
controller,4
iss,3
sorgst,3
gesperrt,3
untersucht,3
anzurufen,3
interview,3
zahlt,3
pub,3
mitbekommen,3
lebe,3
arbeitsplatz,3
gejagt,3
einiges,3
unordnung,3
klappen,3
ohren,3
gegend,3
beobachtet,3
beinahe,3
gestellt,3
stattfindet,3
umgeben,3
unterbrochen,3
aussieht,3
klammern,3
loslassen,3
abfangen,3
taucht,3
geistergeschichten,3
aufgenommen,3
wollten,3
identisch,3
ausgebrochen,3
ausgesucht,3
lust,3
gesprochen,3
bestellt,3
aufs,3
drum,3
tor,3
versammelten,3
womit,3
r,3
rauch,3
metallene,3
struktur,3
befinden,3
schatten,3
stets,3
rechten,3
endphase,3
treppen,3
team,3
hilflos,3
kompletten,3
einhundert,3
schicksal,3
eier,3
asteroiden,3
versammeln,3
fangen,3
blau,3
beeilung,3
weiteren,3
weitergehen,3
herkomme,3
besonderer,3
lebensformen,3
ehren,3
bringe,3
verbliebene,3
dritter,3
lachen,3
gnade,3
laut,3
nachgedacht,3
vollkommen,3
abhalten,3
ursache,3
reingehen,3
miteinander,3
verwandt,3
nachdem,3
bedeutung,3
hergebracht,3
bekannte,3
top,3
gesteckt,3
kenntnis,3
werte,3
bestehen,3
deaktiviert,3
antworte,3
maschinen,3
roten,3
mummy,3
weh,3
offiziell,3
strecken,3
respektieren,3
gescannt,3
existenz,3
betrauern,3
tretet,3
mauer,3
hauptrechner,3
billig,3
auszusehen,3
kobold,3
zwar,3
folgendes,3
genauso,3
brennen,3
teleportern,3
versagen,3
explodiert,3
jahrhunderte,3
argh,3
einziger,3
staub,3
gottlos,3
auftritt,3
entlassen,3
phantasmagorie,3
frieden,3
wahrheit,3
wunder,3
zweite,3
starb,3
blendend,3
gereist,3
probleme,3
show,3
legen,3
besonderes,3
schwindel,3
vertraue,3
verkehrt,3
brillant,3
oliver,3
worum,3
wichtiger,3
unsinn,3
ruf,3
hi,3
illusion,3
neu,3
seele,3
produziert,3
kurze,3
albern,3
pro,3
shereen,3
geworfen,3
frag,3
zuvor,3
zuviel,3
stimmen,3
spaltes,3
last,3
erstellt,3
physische,3
aufrecht,3
sonnenlicht,3
interessiert,3
eigene,3
meinung,3
meisten,3
erschaffen,3
bogen,3
schick,3
party,3
flamme,3
ersticken,3
gelogen,3
verlasse,3
erinnerst,3
festhalten,3
verlasst,3
boy,3
dauert,3
zeitpunkt,3
jungen,3
ufo,3
bedeuten,3
angesicht,3
anruf,3
schlimm,3
verpasst,3
pech,3
vertrau,3
panik,3
tom,3
bittet,3
bildschirm,3
live,3
irgendeiner,3
eigenes,3
patienten,3
premierministers,3
wichtigste,3
termin,3
infolge,3
magen,3
anweisungen,3
britischen,3
kaufen,3
themse,3
normale,3
rundherum,3
super,3
pflicht,3
schwein,3
meerjungfrau,3
daraus,3
finger,3
gewartet,3
wusstest,3
haha,3
besseres,3
piloten,3
nirgendwo,3
aufgefallen,3
gesucht,3
schwierig,3
landete,3
wieso,3
gearbeitet,3
eurem,3
festgenommen,3
lloyd,3
ausweise,3
besitzt,3
dagegen,3
gestern,3
sahen,3
neuen,3
befindet,3
zusammengebrochen,3
notstandsgesetze,3
rat,3
wiederhole,3
etagen,3
enthalten,3
day,3
beenden,3
rennen,3
installiert,3
rausfinden,3
monster,3
geredet,3
resolution,3
anrufen,3
idiot,3
satz,3
ausgestrahlt,3
hau,3
lebendes,3
toll,3
brief,3
besucher,3
flehe,3
versetzen,3
new,3
york,3
wenigen,3
beginnt,3
aufstehen,3
wartest,3
hacken,3
u,3
rakete,3
abstimmung,3
blondine,3
schauen,3
gibst,3
isst,3
landen,3
jim,3
zelle,3
kombinationen,3
zivilisten,3
stirbst,3
meile,3
ruft,3
achtung,3
landeanflug,3
artefakte,3
simmons,3
hilft,3
bezahlt,3
neben,3
metalltron,3
komisch,3
gefoltert,3
krater,3
geworden,3
sprachen,3
verwenden,3
schrott,3
behalten,3
aah,3
besondere,3
sterbe,3
lebend,3
absorbiert,3
position,3
versiegeln,3
besiegt,3
konzentrieren,3
befehl,3
erwartest,3
kaputt,3
bewegen,3
derjenige,3
falschen,3
kanal,3
chips,3
verbunden,3
ho,3
dahinter,3
deswegen,3
macrae,3
cantrell,3
hinbekommen,3
bezahlung,3
oooh,3
sklave,3
medizinische,3
typen,3
mund,3
bemerken,3
turbinen,3
richtige,3
wovon,3
dumme,3
knall,3
wunsch,3
gelebt,3
kirche,3
stuart,3
gesetze,3
fehlen,3
verflucht,3
treibt,3
pete,3
dingern,3
sirenen,3
orte,3
erkannt,3
unterhalten,3
batterie,3
smith,3
shirt,3
magst,3
handy,3
union,3
bulle,3
findest,3
nettes,3
nase,3
cool,3
flirten,3
kriminellen,3
bett,3
explosion,3
behandelt,3
todesursache,3
bequem,3
planen,3
hiermit,3
wecker,3
villengard,3
bananen,3
stirn,3
drahtzange,3
teleporter,3
nav,3
heraus,3
jenkins,3
algy,3
gewinnen,3
detonation,3
stasis,3
positiv,3
riss,3
auffallen,3
schaltkreis,3
koordinaten,3
surfboard,3
delaney,3
energiequelle,3
image,3
androiden,3
unterwegs,3
farben,3
entkleider,3
y,3
lebwohl,3
desintegrator,3
pause,3
verschiedene,3
eruptionen,3
blind,3
spielen,3
kundendurchsage,2
w,2
verarschen,2
herumalbert,2
gekriegt,2
studentending,2
verkleidete,2
mitbekommt,2
chefelektriker,2
dach,2
wunderbaren,2
gebackenen,2
bohnen,2
kennenzulernen,2
innenstadt,2
altern,2
bibel,2
hochgegangen,2
theater,2
verursacht,2
debbie,2
mirror,2
klemme,2
bev,2
klagen,2
entronnen,2
trinkst,2
erwischen,2
aaaggghhh,2
geringe,2
aufzustehen,2
finch,2
metzgern,2
star,2
schadensersatzes,2
trauma,2
arianna,2
zugesprochen,2
schreibtisch,2
griechisch,2
griechin,2
berechtigte,2
katzenklappe,2
festnageln,2
untersuchung,2
schmerzensgeld,2
nachthemd,2
schwul,2
trauriges,2
katze,2
wegwerfen,2
plastikhand,2
gestoppt,2
armlos,2
versuchte,2
knallhart,2
plastikdinger,2
reingeplatzt,2
ruiniert,2
fixiert,2
plastikzeugs,2
projiziert,2
funksteuerung,2
englischen,2
preiskrieg,2
rotiert,2
rast,2
winzigen,2
zieh,2
tassen,2
ausschwenken,2
ausrede,2
lies,2
mails,2
verabredet,2
gemailt,2
durchgeknallten,2
umbringst,2
heikel,2
bewahrst,2
politische,2
vorname,2
titel,2
scheinbar,2
sohn,2
weitergegeben,2
erbe,2
washington,2
public,2
onlinefoto,2
original,2
betrachten,2
attentat,2
kennedy,2
april,2
foto,2
daniels,2
southampton,2
titanic,2
unbekannten,2
dieselbe,2
abstammung,2
sumatra,2
krakatau,2
legende,2
durchweg,2
verwoben,2
katastrophen,2
sturm,2
hausbesuche,2
helfe,2
derselbe,2
unsterblich,2
totaler,2
chinesisch,2
pizzaaaaaaaa,2
kantine,2
auftischen,2
jimmy,2
stones,2
seinetwegen,2
abgegangen,2
plant,2
babe,2
madam,2
beachtet,2
sonic,2
screwdriver,2
holzkiste,2
quelle,2
dimension,2
raumdimension,2
kulturschock,2
kopiert,2
erscheint,2
kopflose,2
geschmolzen,2
quatschen,2
herumstolpert,2
ern,2
massig,2
toxine,2
dioxine,2
nahrungsquelle,2
proteinplaneten,2
verrottet,2
festmahl,2
rad,2
strippen,2
kabel,2
brustimplantate,2
immerhin,2
darunter,2
bottich,2
plastikkreatur,2
erbitte,2
audienz,2
friedlichen,2
bedingungen,2
proklamation,2
stinkst,2
kopie,2
instandzuhalten,2
einheimischen,2
anmerken,2
mittels,2
warp,2
shunt,2
vorschlagen,2
verziehst,2
simpel,2
dummen,2
versicherung,2
identifiziert,2
schadenersatz,2
formular,2
shoppen,2
aktivierungssignal,2
feriengeld,2
winter,2
ausgibst,2
puppen,2
stehengeblieben,2
wegkommst,2
jericho,2
junior,2
gymnastik,2
bronze,2
verlass,2
kinderspiel,2
hopper,2
erreichen,2
hierbleiben,2
wald,2
transkription,2
leanne,2
matheson,2
zehntausend,2
verbringt,2
dure,2
nachzudenken,2
rindfleisch,2
globale,2
ehr,2
apfel,2
eurer,2
expandiert,2
religion,2
verbietet,2
erduntergang,2
erfolgt,2
drinks,2
manchester,2
raumschiffs,2
beobachtungplattform,2
verbrennen,2
newsround,2
extra,2
sonnenexpansion,2
eigentum,2
national,2
gravitationssatelliten,2
kontinente,2
verschieben,2
geschoben,2
natur,2
gegrillt,2
hinspringen,2
einladung,2
plus,2
begleitperson,2
et,2
cetera,2
telepathische,2
psychosuggestiv,2
spart,2
zugegen,2
posten,2
verehrten,2
forest,2
lute,2
coffa,2
austausch,2
geschenken,2
zeichen,2
finanzfamilie,2
seven,2
erfinder,2
hypergleiter,2
reisesystems,2
hop,2
pyleen,2
cal,2
spark,2
plug,2
pacoon,2
botschafter,2
state,2
binding,2
light,2
ableger,2
ahem,2
silver,2
devastation,2
sponsor,2
hauptveranstaltung,2
historischen,2
letzt,2
sonstige,2
betrachtet,2
gedenken,2
sterbende,2
dot,2
seventeen,2
schockierend,2
wegmachen,2
unterschied,2
zierlich,2
wahrlich,2
texaner,2
stammte,2
arktischen,2
begraben,2
legenden,2
spie,2
lachfalten,2
archiven,2
ipod,2
komponisten,2
abspielen,2
erfrischungen,2
serviert,2
klitzekleine,2
blockieren,2
klempnerin,2
klempner,2
anderenfalls,2
jaggit,2
brocade,2
scarlet,2
junction,2
angegliedert,2
konvex,2
mitfahrgelegenheit,2
aufmerksam,2
verbindungsknoten,2
problems,2
nachsehen,2
verbesserung,2
kennung,2
partner,2
melde,2
neeeeeeiiiiin,2
privatgallerie,2
umgehend,2
stewards,2
melden,2
friedensabkommen,2
pflanzenart,2
zweig,2
aufgemerkt,2
parkt,2
ordentlich,2
prima,2
psychosuggestiven,2
telepathischen,2
erstmal,2
verdaut,2
eigenschaft,2
positiven,2
billige,2
auszudenken,2
shireen,2
diskutiere,2
reichweite,2
erster,2
tricksen,2
gescheitert,2
rufst,2
mittwoch,2
verkatert,2
rechnung,2
mittlerweile,2
lichter,2
geehrten,2
beruhigt,2
leichten,2
turbulenzen,2
gebebt,2
veranstaltungen,2
plattformen,2
leichteste,2
zittern,2
warne,2
entscheiden,2
verklagen,2
beunruhigen,2
scans,2
zweifellos,2
schnitzer,2
szenario,2
voranschreitenden,2
schwerkraftloch,2
hertz,2
klang,2
ergibt,2
maschinenraum,2
wartungsgang,2
partnerin,2
konkubine,2
prostituierte,2
michael,2
jackson,2
fange,2
streiten,2
metallbewusstsein,2
verlegen,2
gebraucht,2
automatisiert,2
alpha,2
insofern,2
nautische,2
metapher,2
zutreffend,2
schiffes,2
endete,2
eisberg,2
klammerte,2
halb,2
geraten,2
giganten,2
lebte,2
angeles,2
spalte,2
stern,2
reinrassige,2
vermischten,2
proto,2
digi,2
mischlinge,2
wieviele,2
operationen,2
gebleicht,2
flacher,2
ausladendes,2
zickiges,2
trampolin,2
abkneifen,2
weggeworfen,2
lippenstift,2
baum,2
erweisen,2
zillionenschwer,2
verkaufspreise,2
immense,2
verwurzelt,2
entstanden,2
verpflanzt,2
direkter,2
tropischen,2
regenwaldes,2
weigerte,2
anzuerkennen,2
zugeordnet,2
vergib,2
aufdringlichkeit,2
bemerkenswert,2
existierst,2
bilde,2
klimaanlage,2
altmodisch,2
liane,2
haustierchen,2
sabotage,2
wiege,2
traditionellen,2
ballade,2
logisch,2
wehrt,2
zerschmolzen,2
verklemmt,2
bewege,2
ipswich,2
organisiert,2
herauszufinden,2
tierchen,2
schicken,2
nachdenkt,2
wiederholte,2
ferngesteuerte,2
droiden,2
wirklichen,2
problemverursacher,2
jimbo,2
klassenstreber,2
befeuchten,2
sowieso,2
herumgetragen,2
steuerfrei,2
sabotieren,2
geiselnahme,2
enorm,2
flachheit,2
as,2
anteile,2
euren,2
konkurrenzfirmen,2
dreimal,2
soviel,2
scharf,2
erdenlied,2
resetet,2
manuell,2
systemwiederherstellungsschalter,2
entspannen,2
rate,2
geblasen,2
holz,2
sieben,2
teleportationsfeld,2
umgekehrt,2
aliengesichter,2
bestanden,2
bravo,2
berechtigt,2
menschenclub,2
beizutreten,2
definition,2
formfragen,2
beobachte,2
weinend,2
flatternd,2
knarrst,2
trockne,2
lieblichen,2
jung,2
einheit,2
vergehen,2
zugesehen,2
ewig,2
autos,2
heimatplanet,2
geizkragen,2
nutze,2
sehkraft,2
trifft,2
langes,2
versprochen,2
stall,2
eis,2
aufzubrechen,2
beeile,2
schrecklich,2
tote,2
neapel,2
hingehst,2
angezogen,2
verursachen,2
garderobe,2
linken,2
innen,2
verurteilt,2
anbetracht,2
pullover,2
geflogen,2
hauses,2
scrooge,2
marley,2
laternen,2
offenbart,2
kriege,2
tatsache,2
hm,2
kutsche,2
inwiefern,2
engl,2
ventilator,2
vertragen,2
hart,2
schneller,2
herrn,2
verarscht,2
reinzukommen,2
tanz,2
wandeln,2
monaten,2
beschreiben,2
knabe,2
vorstellung,2
hindurch,2
schwachstelle,2
meistens,2
generationen,2
erwarten,2
mechanismus,2
menschlichen,2
perfekte,2
festgehalten,2
wirkliche,2
hingegangen,2
rechnen,2
anzusehen,2
lacht,2
eltern,2
verstand,2
formen,2
zustand,2
geschlafen,2
deren,2
brecon,2
herumlaufen,2
herkommen,2
mission,2
leichenhalle,2
erfolg,2
definitiv,2
fluss,2
umgeschrieben,2
preist,2
echte,2
hinab,2
durchkommen,2
beende,2
ruhm,2
keller,2
gift,2
dasselbe,2
atmen,2
mindestens,2
stand,2
erfahren,2
wirken,2
wundervollen,2
edwin,2
drood,2
onkel,2
beantworten,2
bereiten,2
frohe,2
einzelnen,2
kriegsrecht,2
verteidigungsplan,2
kane,2
gesessen,2
antun,2
geschlagen,2
sagtest,2
stillstand,2
dicht,2
blaues,2
kontrollieren,2
ausnahmezustand,2
hitchinson,2
wrack,2
wenden,2
beobachten,2
ursprungs,2
transportiert,2
albion,2
general,2
asquith,2
evakuiert,2
echt,2
beginn,2
vorsitzende,2
kabinett,2
festsitzt,2
eskortiert,2
aufzeichnungen,2
notfallprotokolle,2
bruchlandung,2
selber,2
erwachsen,2
wart,2
feiere,2
gern,2
spazieren,2
cottage,2
hospitals,2
bestimmt,2
mick,2
beantwortet,2
verantwortung,2
machten,2
marsmenschen,2
fehler,2
beweise,2
restlichen,2
absturz,2
dachten,2
berichte,2
absicht,2
arbeite,2
vermissen,2
vermisst,2
flug,2
gasaustausch,2
langsam,2
automatisch,2
ultimative,2
united,2
erkennen,2
schneide,2
hasse,2
getrunken,2
lage,2
entlang,2
freigabe,2
aufmerksamkeit,2
davor,2
ablenkung,2
anzug,2
verkleidung,2
himmels,2
willen,2
ebenfalls,2
beseitigen,2
einzigen,2
versammelt,2
furzen,2
tapferen,2
lift,2
oberen,2
erdgeschoss,2
lippen,2
altes,2
adrenalin,2
entflammbarkeit,2
alkohols,2
verdreifachen,2
sendet,2
gottverlassenen,2
gewinn,2
ausgedacht,2
reinkommen,2
schneidet,2
kommunikation,2
ankommende,2
verzeichnen,2
oberst,2
raf,2
neutralisiert,2
gang,2
jacks,2
zutrauen,2
sip,2
schlank,2
kompressions,2
nutzt,2
atombombe,2
abwerfen,2
geheim,2
zugriff,2
untergeschoss,2
buffalo,2
bekannt,2
klick,2
wiederholt,2
sowas,2
lenke,2
umsehen,2
schwachpunkt,2
yepp,2
essigsaure,2
schrank,2
kamen,2
fanden,2
massenvernichtungswaffen,2
schlag,2
kernwaffen,2
raketen,2
schlagen,2
unseres,2
werbeclip,2
reduzieren,2
geschmolzener,2
schlacke,2
entschieden,2
zweifel,2
voicemail,2
wage,2
vertreter,2
setzt,2
royal,2
massiv,2
reingekommen,2
verdammtes,2
setzen,2
un,2
ma,2
verblendet,2
hirten,2
auflauf,2
angeht,2
sachen,2
kochen,2
besuchen,2
kocht,2
braut,2
virus,2
vorbeikommt,2
hals,2
mond,2
lichtjahre,2
hobby,2
rauskommen,2
milliarde,2
lake,2
utah,2
whow,2
roswell,2
angestellten,2
ersetzt,2
irgendein,2
demokrat,2
diana,2
wichtigeres,2
eindringlings,2
witzig,2
haustier,2
daheim,2
profi,2
liegen,2
fasst,2
stockwerke,2
sammeln,2
abgeschirmt,2
anzeichen,2
flammen,2
beachte,2
doc,2
redet,2
soldat,2
erkenne,2
katalogisieren,2
sternen,2
genies,2
gehackt,2
dritten,2
genetisch,2
privaten,2
inseln,2
kampf,2
existierende,2
jahrhunderten,2
bakterien,2
heilung,2
geschaffen,2
entkommt,2
schmerzen,2
saugen,2
versiegelt,2
tausend,2
downloaded,2
notfallstrom,2
sorgt,2
bereich,2
schaut,2
angesehen,2
strategie,2
umleiten,2
befrei,2
stockwerk,2
verpassen,2
verschlossen,2
ankommt,2
kram,2
umgebracht,2
freiheit,2
befiehl,2
rausgehen,2
pajatos,2
sonnenwind,2
korridor,2
schott,2
urteilen,2
warm,2
heizung,2
runterdrehen,2
rassen,2
unvoreingenommen,2
credits,2
zwanzig,2
zeitreisen,2
konnten,2
schwanger,2
belegschaft,2
hinterlassen,2
damen,2
verfahren,2
gesetz,2
aktivieren,2
spike,2
rauf,2
gelangt,2
hobbies,2
leisten,2
mitglied,2
freedom,2
manipuliert,2
chief,2
boss,2
geburt,2
verschaff,2
zugang,2
belassen,2
ankam,2
dienst,2
arbeitest,2
mussten,2
bedrohungen,2
reihe,2
gesellschaft,2
speichert,2
single,2
transcription,2
momentan,2
mars,2
unterziehen,2
operation,2
bezahlen,2
gegenteil,2
schmerzfrei,2
kommunizieren,2
sicherheits,2
scan,2
faszinierend,2
dreifach,2
klempnerarbeiten,2
existiert,2
rohre,2
absurd,2
vermute,2
arbeitet,2
narben,2
absoluter,2
gleichzeitig,2
kuss,2
funktionieren,2
zustimmung,2
klienten,2
the,2
holy,2
hadrojassic,2
maxarodenfoe,2
wirtschaft,2
erfinden,2
sklaven,2
vieh,2
besitzen,2
schlagzeilen,2
schlachthaus,2
sicherheitsschaltung,2
leg,2
aufholen,2
reicht,2
jemandem,2
ruhiges,2
mantel,2
grau,2
normaler,2
sterilisieren,2
wunderbarste,2
hoskins,2
clark,2
erlebt,2
jacqueline,2
suzette,2
krankenwagen,2
isle,2
geholt,2
vase,2
schlechte,2
mitnehmen,2
entschuldigt,2
aufbewahren,2
fensterbank,2
speziellen,2
aufbewahrt,2
nannte,2
aufgegabelt,2
unwichtig,2
leb,2
richtiger,2
sms,2
desaster,2
ausdruck,2
haare,2
bringst,2
versager,2
park,2
dufflemantel,2
desto,2
ewigkeiten,2
stimme,2
scheinen,2
glatze,2
aufpassen,2
fass,2
paradoxon,2
erwartet,2
besonders,2
stich,2
heiraten,2
repariert,2
angehalten,2
irgendeinem,2
londoner,2
balkon,2
dvb,2
srt,2
conversion,2
reirei,2
bordcomputer,2
relativ,2
zeitlinien,2
verdrahtet,2
flugzeuge,2
arthur,2
esst,2
schwarzmarkt,2
landungsmuster,2
ausmachen,2
brust,2
doppelt,2
solltet,2
brilliant,2
diejenige,2
lauft,2
erstens,2
zweitens,2
freien,2
seil,2
parken,2
reist,2
sub,2
atomare,2
stehe,2
unsichtbares,2
versuchst,2
jagt,2
soldaten,2
agency,2
luftangriffe,2
versprechungen,2
lebensmittel,2
nachts,2
landkarte,2
erschreckt,2
kollaps,2
verschmolzen,2
untersuchen,2
exakt,2
arzt,2
isolierte,2
agents,2
irgendwann,2
wertvoll,2
hingeworfen,2
reingelegt,2
verwandelt,2
dashan,2
tore,2
waffentechnologie,2
hysterischen,2
harmloses,2
medizinischer,2
landet,2
bananenhain,2
taschenlampe,2
eilig,2
toilette,2
beleidigt,2
furchtbar,2
banane,2
passend,2
kanone,2
disruptor,2
aufbauen,2
liegt,2
schwach,2
praktisch,2
bahnhof,2
meinetwegen,2
haltet,2
om,2
lautsprecher,2
ausgehen,2
holt,2
entkleidet,2
teleportiert,2
geheilt,2
absturzstelle,2
erinnerungen,2
professionell,2
wichtiges,2
schwer,2
neueste,2
truppen,2
standard,2
beeinflussen,2
vulkan,2
teleportieren,2
loswerden,2
machs,2
dr,2
bein,2
henker,2
ziel,2
sekte,2
hautanzuges,2
kraftwerk,2
anderem,2
schmierig,2
angekommen,2
wind,2
trinken,2
gazette,2
wiefern,2
walisisch,2
reaktor,2
kernschmelze,2
hauer,2
gerannt,2
drehe,2
durchgedreht,2
out,2
meer,2
stehst,2
hochjagen,2
hingerichtet,2
abreisen,2
hinrichtung,2
abgeschlachtet,2
steak,2
weinende,2
gefroren,2
wellen,2
verstreut,2
verschont,2
spielst,2
donner,2
welle,2
schalt,2
anhabe,2
entdeckt,2
reingebracht,2
regeln,2
hirn,2
amnesie,2
droid,2
erinnere,2
einfacher,2
tourist,2
starten,2
agorax,2
mathe,2
colleen,2
broff,2
schwarz,2
hell,2
arbeitslos,2
gestimmt,2
rauswurf,2
teilnehmer,2
kandidatin,2
finale,2
fifty,2
signale,2
shows,2
sicherheitsdienst,2
untersagt,2
systeme,2
gelaufen,2
moss,2
beachten,2
sonneneruption,2
davitch,2
pavale,2
kriegslist,2
flotte,2
vernichtet,2
verteidigungssysteme,2
company,1
aufrichtiges,1
beileid,1
schweren,1
ruhend,1
samson,1
spann,1
vergeben,1
unpassende,1
bemerkung,1
schreckliches,1
verwahrung,1
verdrehen,1
leichenjagd,1
gebrochen,1
medaille,1
dezember,1
deins,1
stattfinden,1
erleben,1
hunderttausend,1
schlechtes,1
zweit,1
aufruhr,1
barbarella,1
treppe,1
aufgeregt,1
unbedingt,1
heiligabend,1
dame,1
eingang,1
erdreisten,1
ungeschickt,1
familienangelegenheiten,1
fort,1
ewigkeit,1
wiederholen,1
wendungen,1
ausdenken,1
vorstellungskraft,1
verlockung,1
rampenlichts,1
ebenso,1
pfeife,1
schwan,1
kompliment,1
ziehst,1
erwiesen,1
sofern,1
steckte,1
klopfer,1
marleys,1
ansah,1
herkam,1
witzbold,1
hilfsarbeiter,1
master,1
gehirnfieber,1
spital,1
angetan,1
schaff,1
goblin,1
projektion,1
glas,1
vorausschicken,1
humor,1
gentleman,1
entfernen,1
erwartungen,1
twist,1
weihnachtsgeschichte,1
signalmann,1
furchterregend,1
kurzgeschichte,1
loswerde,1
fanatisch,1
verehrt,1
spitzen,1
amerika,1
martin,1
chuzzlewit,1
satire,1
mist,1
kritik,1
nell,1
obhut,1
trockenen,1
kutscher,1
hiervon,1
bischoff,1
neffen,1
engelchen,1
wehr,1
preiswerten,1
exorzismus,1
bestatter,1
richtet,1
indisponiert,1
shakespeare,1
gasleitungen,1
aufmachen,1
streich,1
hypnotischem,1
einfluss,1
standhalten,1
gewandert,1
schmutziger,1
zombies,1
abgehauen,1
spukhaus,1
geliebten,1
verstorbenen,1
fingen,1
ruhelos,1
papperlapapp,1
zeuge,1
eigenartigste,1
kletten,1
zucker,1
kirchendiener,1
gedenkgottesdienst,1
erschienen,1
vorhatte,1
kranke,1
wahrhaben,1
echos,1
lieder,1
streifen,1
denker,1
gaskreaturen,1
akzeptieren,1
verwest,1
zersetzt,1
fahrzeug,1
fantasten,1
geschimpft,1
geliebt,1
engagiert,1
ungerechtigkeiten,1
sozialen,1
treibende,1
gespenster,1
halloween,1
vergeudet,1
umsonst,1
schuften,1
gassenkind,1
sonntag,1
gewissenhaft,1
gehasst,1
heide,1
runtergelaufen,1
bummle,1
burschen,1
metzgersjunge,1
dienstag,1
lieblich,1
dergleichen,1
angelegenheit,1
kleider,1
bildung,1
wildes,1
grippe,1
starben,1
paradies,1
gesegnet,1
dutzende,1
dienern,1
diener,1
weiten,1
woraus,1
bildern,1
hetzen,1
halbnackt,1
vorbeirasenden,1
aufgewachsen,1
spiritualisten,1
konsultiert,1
seance,1
madame,1
mortlock,1
butetown,1
nebels,1
herbeiruft,1
fassen,1
teilnehmen,1
humbug,1
billigem,1
mummenschanz,1
aufdecke,1
seancen,1
schillernde,1
tamburine,1
knien,1
versteckten,1
quetschbox,1
medium,1
gebrauchen,1
ausstrecken,1
lindern,1
reiner,1
kontrollierst,1
erlaube,1
erstelle,1
universums,1
erbarmen,1
aussterben,1
einst,1
kleinere,1
verheerend,1
siechten,1
verrotten,1
ausfechten,1
trink,1
blockiert,1
durchlassen,1
gefilden,1
kadavern,1
methode,1
toter,1
recycling,1
organspenderausweis,1
moralvorstellung,1
gesungen,1
heiliger,1
pavillon,1
gewandelt,1
versprecht,1
beeilt,1
transfer,1
woanders,1
hinbringen,1
schwache,1
errichte,1
streck,1
verlorene,1
seelen,1
steigen,1
machtvoll,1
sagtet,1
legionen,1
beigetreten,1
marschier,1
konvertiert,1
ergebt,1
opfert,1
fehlerhaft,1
lebensfeindliche,1
linie,1
richtungen,1
verwinden,1
mitkommen,1
troja,1
kisten,1
boston,1
tea,1
untergehen,1
dreh,1
fluten,1
stattdessen,1
saugt,1
theorie,1
erweist,1
herabsehen,1
schicke,1
binden,1
postkutsche,1
post,1
belebender,1
aufgemuntert,1
glaubte,1
begriffe,1
inspiriert,1
subtil,1
elemente,1
weitersagen,1
kennengelernt,1
modern,1
abschied,1
solch,1
schreibt,1
darling,1
verbracht,1
schublade,1
angestellt,1
sexuelle,1
beziehung,1
charmant,1
ansatzweise,1
verzeihen,1
familien,1
jemandes,1
tat,1
tunte,1
altersunterschied,1
unterhaltung,1
durchgedrehtes,1
weite,1
erdball,1
regen,1
treten,1
herrschen,1
mitanzusehen,1
erkennst,1
stau,1
weiteres,1
draufsetzen,1
deines,1
hinsehen,1
ken,1
livingstone,1
teilen,1
landes,1
ausgebreitete,1
zivile,1
unruhen,1
nationale,1
ausgerufen,1
verfallen,1
hotline,1
eingeblendet,1
raumschiffen,1
ausschau,1
nordamerikanischen,1
luftraum,1
taucher,1
vorfinden,1
nation,1
brichst,1
risiko,1
eingehen,1
kai,1
wracks,1
ratet,1
billy,1
croot,1
berichten,1
ereignet,1
gesicherte,1
aufenthaltsort,1
unbekannt,1
angeklebt,1
buttercreme,1
glasieren,1
verzehr,1
whitehall,1
dementiert,1
abgesperrten,1
betritt,1
weigert,1
anwesenheit,1
puppe,1
einfliegen,1
eintreffen,1
umgibt,1
verbleib,1
notfalls,1
opposition,1
kritisiert,1
mangel,1
joseph,1
abgeordneter,1
hartley,1
dale,1
parlamentskommission,1
zuckerstandards,1
exportierten,1
indra,1
ganesh,1
verteidigungsministerium,1
kontaktperson,1
folgens,1
terminplan,1
verkehrskollapses,1
amtierenden,1
sofortiger,1
wirkung,1
kabinettssaal,1
fahrbereitschaft,1
keinerlei,1
dahinein,1
detaillierte,1
vorgehen,1
eindringens,1
nirgends,1
diskutieren,1
zwielichtige,1
geschenkgutscheine,1
halben,1
wandere,1
wanderst,1
absturzwinkel,1
rauches,1
mische,1
handhaben,1
lehm,1
expandieren,1
verbringe,1
versprichst,1
raffinierten,1
durchschaut,1
korridore,1
nummern,1
loyale,1
tapfere,1
kabinettsitzung,1
ansprechen,1
ausgearbeitet,1
wonach,1
kompetenzzentren,1
ausgeschlossen,1
klinik,1
wahlkreis,1
winziger,1
geistern,1
notabriegelung,1
terry,1
koma,1
winterschlaf,1
anrufe,1
schutzimpfungen,1
blicken,1
neuzeit,1
benehmen,1
starke,1
hauptstadt,1
erliegen,1
annehmen,1
unmittelbare,1
feindlichen,1
ermangelung,1
ooooh,1
solchen,1
totlachen,1
kabinetts,1
eingeflogen,1
wackeln,1
paragraph,1
notfallprotokolls,1
ihres,1
amtes,1
entheben,1
angenommen,1
zuschauer,1
anzuziehen,1
steckten,1
viktorianische,1
schausteller,1
katzenkopf,1
fisch,1
schnallten,1
sturzkampfbomber,1
tier,1
witzfigur,1
vergleichbares,1
schuldet,1
verschwindest,1
befragung,1
nachbarschaft,1
ausgestrecktem,1
briefkasten,1
herausstellt,1
davongesegelt,1
erdlingen,1
regt,1
verduftet,1
steh,1
unterstehe,1
niederzulassen,1
fangt,1
streit,1
echtes,1
weitergeht,1
paranoia,1
fegt,1
angriffen,1
steuerung,1
begreifen,1
entlangging,1
gekoppelt,1
aufgezeichnet,1
umrundet,1
hob,1
druck,1
ballast,1
genossen,1
geliebte,1
bauern,1
befehligen,1
akute,1
alarmmeldung,1
notprotokolle,1
durchsucht,1
offenbar,1
angelegenheiten,1
basispakete,1
empfange,1
einbestellen,1
studium,1
weltraumes,1
gewidmet,1
unit,1
nations,1
intelligence,1
taskforce,1
liste,1
hilfst,1
messers,1
undercover,1
eingelassen,1
laufe,1
besucht,1
haufens,1
patrick,1
moore,1
liebst,1
george,1
irgendwelchen,1
sitzung,1
getragen,1
ausweis,1
hineinzugehen,1
reinlassen,1
fakt,1
security,1
zusammenfassung,1
passierte,1
interessante,1
eingeordnet,1
sonstiges,1
entdeckte,1
kurzer,1
leuchtimpuls,1
tiefe,1
faden,1
nachzuforschen,1
schweine,1
massive,1
verwandeln,1
enorme,1
dahinterstecken,1
unartig,1
beunruhigt,1
eingestuft,1
reiste,1
nachmittag,1
weggefahren,1
ianto,1
aaaaagh,1
aaaagh,1
blitzen,1
feststellen,1
verkleidetes,1
autorisiere,1
exekutieren,1
dadurch,1
exekutiere,1
bisherigen,1
ignorieren,1
evakuieren,1
infrage,1
riegeln,1
number,1
ten,1
sichern,1
schafft,1
sichtkontakt,1
vergiftet,1
erfreue,1
verwandtschaft,1
reinigt,1
versteck,1
herrlich,1
ausdehnt,1
stinken,1
abgestandener,1
duft,1
knochen,1
reifes,1
jugendliches,1
hormone,1
biegen,1
gleichfalls,1
richtlinien,1
whoof,1
hochgehen,1
fragestunde,1
akzent,1
gemordet,1
einmarschieren,1
jocrassa,1
pasameer,1
diensten,1
familienunternehmen,1
aaaaaaah,1
schluck,1
gemetzel,1
faszinierende,1
sumpfgebiet,1
chicken,1
besitz,1
kabinettsraum,1
tagt,1
sichersten,1
britannien,1
lehrstunde,1
zoll,1
stahl,1
ausgekleidet,1
untergebracht,1
tennant,1
james,1
einberufen,1
ewan,1
mcallister,1
vize,1
minister,1
schottischen,1
parlaments,1
sylvia,1
dillane,1
clubs,1
verbindet,1
erfreut,1
aufnehmen,1
amtierende,1
ansprache,1
umzuziehen,1
runtergehen,1
conga,1
sumpf,1
hingeht,1
hineingezogen,1
glatt,1
heult,1
wohnung,1
insbesondere,1
hasst,1
peinlich,1
polizist,1
zentrale,1
erledigt,1
terminals,1
antik,1
schwere,1
biester,1
dicken,1
passen,1
quetschen,1
zusammenschrumpfen,1
befreundet,1
eigenartige,1
freundschaft,1
klingelt,1
verzeichnet,1
gewaltsame,1
derartiges,1
atomraketen,1
startcode,1
atomwaffen,1
spezielle,1
stimmte,1
aktivposten,1
abgeschottet,1
kontakte,1
endes,1
stinkend,1
nass,1
widerlich,1
fragt,1
f,1
l,1
geheimen,1
wussten,1
dunkeln,1
wetterballon,1
zusammengerufen,1
spazierte,1
ausgeburten,1
wohnzimmer,1
kick,1
tab,1
icon,1
konzentrische,1
kreise,1
schleife,1
slickeen,1
demaskiert,1
renn,1
elementare,1
gelegene,1
geruchssinn,1
p,1
g,1
wirbelstrom,1
antrieb,1
ritual,1
riecht,1
furz,1
mundgeruch,1
abbau,1
voran,1
phosphat,1
organisches,1
bindestrich,1
herbekommen,1
mittleres,1
silberzwiebeln,1
eingelegte,1
alpen,1
fotchpasameer,1
geschehnisse,1
gemeinsame,1
besorgnis,1
erregend,1
beherzigt,1
kontrolleure,1
abgesucht,1
einsatzbereit,1
techniker,1
untergang,1
zuschlagen,1
kingdom,1
bauch,1
mutterschiffes,1
startcodes,1
nuklearer,1
monsters,1
geschworene,1
bedrohung,1
erfunden,1
spektakel,1
abwehr,1
greift,1
strahlt,1
verkauf,1
jahrhunderts,1
radioaktive,1
einheiten,1
starliner,1
billigen,1
frachtschiffe,1
anzutreiben,1
rezession,1
preiswert,1
rohtreibstoff,1
kosten,1
eingesperrt,1
wartend,1
england,1
sicherheitsrat,1
freigegeben,1
interplanetarische,1
entgegennehmen,1
stellung,1
port,1
herstellen,1
notrufnummern,1
verderben,1
garantieren,1
auftrag,1
sieg,1
navy,1
hms,1
taurean,1
trafalgar,1
plymouths,1
verteidigungscodes,1
kategorie,1
harpune,1
ugm,1
angriff,1
erdbeben,1
solide,1
klingel,1
feindabwehr,1
stopp,1
ankommend,1
sch,1
made,1
britain,1
botschaftern,1
beruhigen,1
neuigkeiten,1
premierministerin,1
aufeinander,1
folgende,1
perioden,1
architektin,1
goldenem,1
zeitalter,1
stolz,1
unbesiegt,1
segne,1
beansprucht,1
adelsstand,1
erhoben,1
aufheben,1
gestehe,1
beisammensein,1
gras,1
sicherheitsnadeln,1
solche,1
letztlich,1
bestimmung,1
ohrfeige,1
oma,1
lerne,1
frankreich,1
au,1
pair,1
slitheens,1
beendet,1
auftauchen,1
plasmasturm,1
pferdekopfnebel,1
schockwelle,1
abreiten,1
rasen,1
flasche,1
amaretto,1
silvester,1
wissenschaftliche,1
wochenenden,1
verreise,1
mitgemacht,1
spontaner,1
entschluss,1
verpflichte,1
sonnen,1
weltalls,1
tolles,1
exemplar,1
befolgen,1
kurs,1
nordamerika,1
riesiges,1
gekostet,1
kralle,1
ausgestopft,1
stoff,1
reduziert,1
mausetot,1
aktiv,1
sammelt,1
geburtstag,1
gefeuert,1
memphis,1
minneapolis,1
m,1
republikaner,1
weitere,1
ersteigert,1
eindringlinge,1
schreit,1
dollar,1
seien,1
musikinstrument,1
reagiert,1
kleinste,1
wahrer,1
weitab,1
wertvollsten,1
stolpern,1
gehilfin,1
fauntleroy,1
weiterglauben,1
exponat,1
testosteron,1
kuschelt,1
briten,1
herunterfahren,1
ruht,1
angefasst,1
aufgegangen,1
anfassen,1
beeindrucken,1
weltraum,1
wars,1
feigling,1
armes,1
hattet,1
sprich,1
liefere,1
wimmelt,1
sprachlos,1
bester,1
geendet,1
agenten,1
rekrutieren,1
amerikanische,1
abwehrsystem,1
kopflos,1
rannten,1
riskieren,1
pfefferstreuer,1
eigentliche,1
alptraum,1
mutation,1
konstruiert,1
emotion,1
hass,1
herrscher,1
auktionen,1
verkauft,1
meteorit,1
schlug,1
ascension,1
brannte,1
irgendwer,1
geschrieen,1
kreislaufsystem,1
patentieren,1
schlachten,1
fortschritte,1
breitband,1
wissenschaftler,1
kultiviert,1
russischen,1
stammen,1
gemeine,1
labor,1
aufregung,1
tausende,1
linderungen,1
treu,1
fortfahren,1
level,1
genetisches,1
material,1
extrapoliert,1
initiiere,1
rekonstruktion,1
berechnen,1
maggio,1
entzieht,1
kameras,1
gefressen,1
deckt,1
deckung,1
umfelds,1
agh,1
gna,1
ersetzbar,1
einzigartig,1
einsperren,1
zulassen,1
waffenlabor,1
technikern,1
umzubringen,1
alienmaschine,1
stufen,1
ergibst,1
einwohnerzahl,1
ausbricht,1
aufrichtig,1
kugeln,1
unverwundbar,1
dringen,1
zielen,1
kuppel,1
einsamen,1
aufstellung,1
einnehmen,1
abschlachten,1
metallauge,1
ansieht,1
bild,1
betracht,1
aufzugeben,1
hubschrauberlandeplatz,1
bunker,1
entworfen,1
atomkrieges,1
stahlschotts,1
riesig,1
sicherheitscodes,1
computergenie,1
rosten,1
extrapolieren,1
biomasse,1
zeitreisenden,1
regeneriert,1
satelliten,1
radioteleskope,1
aufgaben,1
instinkt,1
erobern,1
versagt,1
beendest,1
dreck,1
unteren,1
verteidigungseinheiten,1
abgeriegelt,1
riegele,1
gotteswillen,1
energielevel,1
aufrechterhalten,1
bricht,1
erforschen,1
tonnen,1
sand,1
hinuntergerissen,1
zweck,1
geschenkt,1
kontaminiert,1
beinen,1
emotionen,1
gebrochenes,1
wirkungslos,1
neigt,1
feuern,1
entsichern,1
aufgabe,1
zweifeln,1
durchdringen,1
verbessern,1
geglaubt,1
zielt,1
regenerieren,1
mutierst,1
krankheit,1
angestellte,1
obdachloser,1
junkie,1
diego,1
seattle,1
sacramento,1
hingehe,1
zement,1
heathrow,1
einzementieren,1
gescherzt,1
eingeschlossen,1
prahlt,1
schmecken,1
carolyn,1
black,1
angewiesen,1
architektur,1
lauschst,1
bedeckt,1
mega,1
monden,1
drehscheibe,1
galaktischen,1
gebietes,1
erstreckt,1
fantastische,1
periode,1
intelligenz,1
kultur,1
kunst,1
politik,1
manieren,1
angeberei,1
geschichtskenntnisse,1
hungrig,1
zeitkrank,1
futtern,1
geldautomaten,1
taschengeld,1
nerven,1
besuch,1
paris,1
ohr,1
gehauen,1
fremde,1
geklebt,1
erwischt,1
grundausbildung,1
gewarnt,1
arbeiter,1
firma,1
aktuellsten,1
venus,1
archipelago,1
glasgower,1
journalisten,1
verpacken,1
fiktives,1
forscht,1
kantinenbereich,1
selbstreinigendes,1
zaffic,1
slush,1
puppie,1
geschmacksrichtung,1
sorte,1
erweitert,1
vorwahl,1
unternommen,1
rufe,1
mutt,1
jeff,1
zweifache,1
dreifache,1
benimmt,1
inspektion,1
streng,1
vorschrift,1
vielgeschlechtliche,1
unentschiedene,1
santini,1
khadeni,1
cathcia,1
c,1
bericht,1
lobend,1
zusammenstellung,1
firmenpolitik,1
angehen,1
sicherheitsprotokoll,1
komprimierte,1
nee,1
prozessor,1
analyse,1
sicherheitsleck,1
isolationsleck,1
unterbrechen,1
herumgepfuscht,1
biographie,1
verborgen,1
begeben,1
rang,1
beworben,1
bewerbe,1
umarmen,1
runterkommen,1
akklimatisieren,1
beobachtungsdeck,1
hinsetzen,1
einwirken,1
jahres,1
aufgehoben,1
besseren,1
deck,1
steve,1
verifizieren,1
apostroph,1
republik,1
marokko,1
graben,1
genetischem,1
transplantat,1
eva,1
saint,1
julienne,1
mmm,1
ernannte,1
anarchistin,1
foundation,1
sendungen,1
unwiderlegbare,1
korrupt,1
verweisen,1
mikroprozessors,1
wartung,1
tiefer,1
journalistin,1
crew,1
zuwanderungs,1
anforderungen,1
spacewarp,1
verdoppelt,1
abgehalten,1
chavic,1
fice,1
brach,1
aufsummiert,1
technik,1
topmodern,1
unterentwickelt,1
bewahrt,1
mikroprozessor,1
smt,1
molecule,1
friert,1
sperrt,1
medizinisch,1
student,1
projektrecherche,1
typisch,1
chipping,1
altmodischer,1
subventionen,1
eingestellt,1
verschwende,1
einsetzen,1
basiert,1
grunde,1
grundlegenden,1
eingesetzt,1
komplette,1
info,1
unlimitierten,1
kredit,1
wehtun,1
vertraglich,1
garantiert,1
geldmenge,1
verschafft,1
schnellen,1
pico,1
operateur,1
jegliche,1
verraten,1
agiert,1
parameter,1
zweifach,1
vierfach,1
hilfreich,1
zentralheizung,1
id,1
identifikation,1
jedermann,1
registriert,1
zensus,1
blonden,1
grundriss,1
innersten,1
computers,1
eisfilter,1
hochtouren,1
unmenge,1
erzeugt,1
mengen,1
ausflug,1
setze,1
aktiviere,1
pfeifen,1
danny,1
grundeinstellung,1
fingerschnippen,1
aufgegeben,1
sonderangebot,1
spei,1
matic,1
nano,1
termiten,1
kleiden,1
kehle,1
erkrankung,1
frieren,1
abfall,1
vierten,1
segensreichen,1
imperiums,1
geburtsurkunden,1
einkaufsgewohnheiten,1
arbeitsstelle,1
winzigste,1
wandern,1
marionetten,1
selten,1
aussprechen,1
interessieren,1
lediglich,1
freundliche,1
geformt,1
streben,1
genauestens,1
gesendeten,1
editiert,1
vorgesetzten,1
max,1
erschaffe,1
klima,1
grenzen,1
ausdrucks,1
destabilisieren,1
interessanter,1
versklavt,1
philosophische,1
debatte,1
fesseln,1
widerspenstig,1
geniales,1
bewundern,1
verbergen,1
hineinzusehen,1
kleinsten,1
zerquetschen,1
wuseln,1
individuell,1
hinsicht,1
plauze,1
bankenkonsortium,1
bevorzugt,1
langzeit,1
investition,1
brauchte,1
einzubauen,1
lebenserwartung,1
gigantischer,1
metabolismus,1
pumpst,1
leitest,1
erhaltungs,1
rauschen,1
bevorzugen,1
unwissenheit,1
reisende,1
kleinem,1
vergangener,1
mitchell,1
unendliches,1
vergleich,1
umschreiben,1
entwicklung,1
verhindern,1
geradewegs,1
marschieren,1
deaktivieren,1
maximaler,1
kappt,1
filter,1
kehrt,1
kappen,1
pulverisiere,1
schickt,1
herauf,1
vulkans,1
sicheres,1
gewaltige,1
gewaltigem,1
gewaltiger,1
entwickelt,1
verantwortlich,1
luftschleuse,1
widerstehen,1
zeigst,1
sezieren,1
durchschnittlich,1
geoff,1
ausziehen,1
lieblingstee,1
vergeht,1
eingesammelt,1
verwundet,1
wunden,1
prospero,1
chris,1
boyd,1
september,1
geheiratet,1
abenteuer,1
andrea,1
prentice,1
susanne,1
anita,1
di,1
scheidet,1
fahrerflucht,1
rausgefunden,1
wight,1
jordan,1
road,1
hochzeitsgeschenk,1
achte,1
wegrennt,1
nummernschild,1
davorgelaufen,1
toller,1
clarks,1
chaos,1
wobei,1
joghurt,1
aufschreiben,1
umziehen,1
boxen,1
verpackt,1
sichtbar,1
bowlen,1
didcot,1
gesundheitsdrinks,1
vitex,1
solarenergie,1
durchs,1
besuchst,1
rettest,1
bedeuteten,1
verwundbaren,1
ganzer,1
staatsoberhaupt,1
klarkommst,1
armselig,1
gewohnheit,1
paare,1
streitereien,1
bewusst,1
bermuda,1
dreieck,1
schmeichelt,1
zweideutiger,1
hinweis,1
irrenhaus,1
steven,1
tante,1
lynn,1
baxters,1
schiefgegangen,1
bedenkzeit,1
heutzutage,1
copyrights,1
falsches,1
del,1
reib,1
wunderbarsten,1
seh,1
fehlt,1
entsteht,1
zusammengeschustert,1
br,1
meringue,1
stuarts,1
block,1
dave,1
sunita,1
bea,1
lamb,1
flag,1
schleppe,1
klettband,1
jammerei,1
nutzlose,1
beerdigung,1
guckst,1
offenem,1
kannte,1
marke,1
rumgemacht,1
reinigungsmittel,1
tonics,1
betamax,1
kassetten,1
ertrinke,1
geborener,1
rumspielt,1
verdiene,1
lebensunterhalt,1
mochtest,1
irre,1
aufpasst,1
scheidung,1
ecke,1
albernen,1
mahlzeit,1
herkommt,1
schaffe,1
fressen,1
stabiler,1
ausnutzen,1
faselst,1
hinnimmst,1
beschwerden,1
repariere,1
telefonanruf,1
alexander,1
graham,1
bell,1
anhaben,1
verschlingen,1
betrifft,1
fremden,1
jackies,1
charakter,1
schreist,1
erwachsene,1
eindruck,1
beatbox,1
club,1
brieftasche,1
losgeworden,1
nutzlosen,1
genen,1
hierhin,1
zeitmaschinen,1
herkommst,1
schwindelig,1
zugeben,1
schnappt,1
klammert,1
armen,1
untergeht,1
videorekorder,1
versteh,1
henne,1
fluchtweg,1
sterilisiert,1
schiffs,1
aufladen,1
pures,1
jep,1
samstag,1
picknick,1
zap,1
erreicht,1
ekelhaft,1
second,1
nennst,1
durchmachst,1
langem,1
herausgefunden,1
aufziehen,1
vorgelesen,1
picknicks,1
rausgerannt,1
lila,1
stadtmitte,1
momente,1
plage,1
krimineller,1
crystal,1
universell,1
anerkannte,1
standards,1
alarmstufen,1
getue,1
eingeklinkt,1
hinfliegt,1
springt,1
treiben,1
ausgeht,1
kuh,1
hinauslaufen,1
gesprungen,1
daneben,1
scannst,1
lauten,1
john,1
ministerium,1
benimm,1
spritztour,1
lustiges,1
lautem,1
ballon,1
einzig,1
klingelnden,1
angeschlossen,1
beeilen,1
abendessens,1
schreien,1
wachdienst,1
losgerissen,1
programmiere,1
lichtfeld,1
instrumente,1
eh,1
quer,1
mobile,1
indiziert,1
lebensform,1
traktorstrahl,1
ohnmacht,1
benommen,1
unscharf,1
coupons,1
bemerkungen,1
scheibe,1
kauen,1
salz,1
bande,1
obdachlos,1
verhungern,1
festnehmen,1
bauernhof,1
heime,1
heulen,1
fettes,1
bingo,1
fressgelage,1
town,1
pudding,1
praktizierter,1
marxismus,1
west,1
end,1
musical,1
scheinst,1
abheben,1
bestimmte,1
scheiben,1
blondinen,1
flaggen,1
nachfrage,1
eingegraben,1
ausgesehen,1
mamis,1
angsthasen,1
angsthase,1
behauptest,1
staffel,1
airforce,1
amerikanischer,1
freiwilliger,1
zettel,1
knifflige,1
ungebunden,1
telepatisches,1
auszukommen,1
textilien,1
jahrzehnten,1
vermutest,1
schauspielern,1
auftaucht,1
ballons,1
stillzuhalten,1
schichten,1
angedockt,1
regel,1
aktiven,1
normalerweise,1
fing,1
ans,1
limehouse,1
bewachen,1
vorgeht,1
klaren,1
bereden,1
autorisiert,1
befugnis,1
mhm,1
luftangriffs,1
vorschlag,1
glenn,1
miller,1
ausgestattetes,1
besorgen,1
deadline,1
deal,1
bezeichne,1
regelt,1
delegiere,1
scanne,1
plane,1
hochgezogen,1
stopfen,1
wiedergutmachung,1
derselben,1
nachgehen,1
kriegsmaschinerie,1
dominosteine,1
winzige,1
feuchte,1
insel,1
maus,1
hitler,1
augenblicke,1
massives,1
partieller,1
brustkorbs,1
verbrennungen,1
grauenhaft,1
patient,1
seuche,1
brustkorbes,1
herzschlag,1
lebenszeichen,1
unternimmt,1
begann,1
keines,1
beidem,1
brechen,1
oberste,1
mi,1
wahre,1
freude,1
spaziergang,1
spaziert,1
sperrballons,1
rettungsschiff,1
vortex,1
weismachen,1
gesorgt,1
zeitreise,1
vehikel,1
retrolook,1
rausfindet,1
rettungsschiffe,1
anpasst,1
schritte,1
sichert,1
entsetzliche,1
masken,1
lasse,1
angezahlt,1
betrogen,1
spendiere,1
verschleiernde,1
verschleiern,1
pompeji,1
urlaub,1
missbilligung,1
angerichtet,1
ausgebrannter,1
niemanden,1
entwarnung,1
sperr,1
geschnappt,1
waffenfabriken,1
fabriken,1
tja,1
hauptreaktor,1
durchgeschmolzen,1
verdampft,1
muster,1
digital,1
rechtecks,1
pistole,1
anrichten,1
schneiden,1
werkzeug,1
nachschauen,1
avistock,1
metzger,1
drollige,1
menschenhirne,1
gestresst,1
rasieren,1
betroffen,1
gottes,1
tonband,1
verlier,1
kalium,1
digitale,1
tausch,1
hainen,1
kriegt,1
funktionen,1
beschallt,1
warnung,1
dankbarkeit,1
langeweile,1
lichtschalter,1
spezialfunktionen,1
bestellen,1
fabrik,1
eng,1
regale,1
verriegelt,1
freier,1
lief,1
hing,1
weggerannt,1
wiederkommst,1
schreibe,1
verschicken,1
stecke,1
umschlag,1
schreib,1
wiederkomme,1
nachdenken,1
tippt,1
kaut,1
gutaussehenden,1
sicherheitscode,1
molekularen,1
sprichst,1
deutlich,1
blocken,1
mindeste,1
lied,1
resonanzmuster,1
aufzubauen,1
lockern,1
verwetten,1
vertraust,1
zahnseide,1
rendezvous,1
tanze,1
rumgekommen,1
getanzt,1
implodiert,1
angeben,1
schwingungen,1
gehangen,1
stellst,1
rekord,1
risikofreudig,1
schnitt,1
schade,1
offline,1
teleportsicherheits,1
nanobots,1
konsole,1
verbannt,1
schotten,1
physischen,1
reinzulegen,1
geldes,1
fand,1
wiederhaben,1
kette,1
einbrechen,1
abgesperrter,1
durchsuchen,1
gebiet,1
sperren,1
rachen,1
hocharbeiten,1
matilda,1
ablenken,1
entspann,1
flexibler,1
ums,1
flexibel,1
galaxis,1
verteilt,1
ankommen,1
tiger,1
ursachen,1
legt,1
tempo,1
gefehlt,1
singen,1
hitlers,1
geheimwaffe,1
sichere,1
durchgeschnitten,1
einstellung,1
flickt,1
deutscher,1
zeitreisende,1
deutsch,1
gewinnt,1
medizinischem,1
hustentropfen,1
freigesetzt,1
schnitte,1
totes,1
materie,1
nanogen,1
flicken,1
bestes,1
abgerissen,1
form,1
kindes,1
schlachtfeld,1
front,1
programmieren,1
ausgestatteter,1
krieger,1
greifen,1
kommandanten,1
aussiehst,1
jugendliche,1
stehende,1
angelogen,1
weiterfragen,1
ssh,1
schlauen,1
schenkt,1
popmusik,1
psychologie,1
versetzt,1
korrektur,1
emaile,1
upgrade,1
zeige,1
konstanter,1
auskommen,1
verlassenen,1
glocke,1
harcourt,1
nachgewachsen,1
rettet,1
vergesst,1
sozialstaat,1
widerspreche,1
abschalten,1
befohlen,1
grinsen,1
weihnachtsmann,1
rotes,1
fahrrad,1
verabschiedet,1
zyklus,1
vorrichtung,1
abzuwerfen,1
vorzeitige,1
iger,1
wahrscheinlichkeit,1
nachgesehen,1
waschbecken,1
skala,1
terminierung,1
reizend,1
initiieren,1
wermut,1
hyper,1
wodkas,1
schwammig,1
henkern,1
reizendes,1
extrapunkte,1
ringergriffe,1
abklatschen,1
eingefallen,1
nachrichtendienst,1
hochgeht,1
boom,1
gerissen,1
konstruktion,1
sandwich,1
annahme,1
ergebnisse,1
kluge,1
stein,1
messwerten,1
derartige,1
ausradieren,1
oberhaupt,1
verkaufst,1
lade,1
reisepass,1
justicia,1
glaspyramide,1
kloon,1
brasilien,1
vorbereitet,1
jumping,1
flash,1
spiegel,1
slang,1
auftanken,1
verwerfungslinie,1
verschiedenen,1
dimensionen,1
portal,1
triebwerke,1
strahlung,1
benzin,1
tankt,1
yupp,1
totschlagen,1
wundert,1
truppe,1
tarn,1
tarnen,1
rom,1
statue,1
tarnte,1
blieb,1
nachgeahmt,1
notruf,1
handys,1
festnahm,1
reparierst,1
blaue,1
kiste,1
stadtzentrum,1
nerverei,1
osten,1
sicherste,1
radikale,1
neuentwicklungen,1
fotos,1
bilder,1
castle,1
abgespalten,1
stolze,1
monument,1
walisischen,1
industrie,1
erschauern,1
ballungsraum,1
garantie,1
wandle,1
widerfahren,1
strahlend,1
vertrete,1
interviews,1
selbstdarstellung,1
leiden,1
fluch,1
ingenieure,1
teile,1
zusammensetzt,1
anzahl,1
eu,1
franzosen,1
explosiv,1
schild,1
kulturerbe,1
stromschlag,1
pool,1
gewertet,1
architekt,1
geregnet,1
bremsen,1
kernenergiebeauftragte,1
vereisten,1
ausgerutscht,1
enthauptet,1
vereiste,1
kleinstadt,1
erkenntnisse,1
genauer,1
design,1
wasserstoffkondensatoren,1
zusammenbruch,1
isolierung,1
hausaufgaben,1
privater,1
beschwert,1
umweg,1
wilden,1
theorien,1
rechtzeitig,1
kernphysik,1
tschernobyl,1
memos,1
anscheinend,1
tausendmal,1
sicherheitsauflagen,1
sprach,1
atomaren,1
holocaust,1
absichtlich,1
sunday,1
times,1
entdeckungen,1
drucken,1
klingen,1
halsschmerzen,1
frosch,1
aufsehen,1
jeffrey,1
beamter,1
neunzehnten,1
wundervolle,1
besprechen,1
hinterlegen,1
hauern,1
aufmachst,1
konntet,1
brankovitch,1
stolpert,1
abbiegen,1
spruch,1
klamotten,1
wiederbekommen,1
vollgas,1
raumroute,1
gezittert,1
angriffsplan,1
typische,1
trittst,1
decke,1
erwarte,1
schnellwahl,1
bedankt,1
vorbeischauen,1
plaudern,1
klettert,1
flieht,1
over,1
davonlaufen,1
hetzjagd,1
baust,1
geste,1
vergangenen,1
fehlern,1
eintritt,1
schwuppboom,1
werk,1
hochgefahren,1
wales,1
versinken,1
klinge,1
waliser,1
einheimischer,1
tribophysikalischer,1
makro,1
kinetischer,1
wellenform,1
genial,1
kosmisches,1
energieblase,1
reitest,1
sonnensystem,1
pan,1
dimensionales,1
geklappt,1
winkel,1
gesurft,1
schub,1
zertritt,1
radio,1
raxacorico,1
fallapatorious,1
todesstrafe,1
abwesenheit,1
schuldig,1
befunden,1
revision,1
gesetzen,1
jetzigen,1
heim,1
superb,1
bete,1
schlechten,1
allerneueste,1
luftschleusen,1
clou,1
treibstoff,1
ersparen,1
gefangene,1
eiskalt,1
hotelzimmer,1
bars,1
anschauen,1
konsequenzen,1
fortgerannt,1
diesmal,1
dogs,1
lieb,1
putzen,1
komplizierte,1
restaurant,1
bucht,1
lieblingslokal,1
rechte,1
neugierig,1
feinde,1
entkommst,1
tragt,1
volt,1
abendessen,1
ketten,1
passameer,1
sterbeurkunde,1
apartment,1
weibliche,1
raxacoricofallapatorierin,1
giftstachel,1
produzieren,1
letzen,1
ausweg,1
ausgeatmet,1
fritten,1
einiger,1
kontinent,1
gebogen,1
trauert,1
bruchteil,1
sturms,1
schaum,1
horizont,1
riesigen,1
rob,1
delany,1
dick,1
abgenommen,1
langsamer,1
kessel,1
dosiert,1
zersetzen,1
organe,1
suppe,1
schreiend,1
zusehen,1
weitermachen,1
hautanzug,1
flehst,1
normales,1
hotels,1
bar,1
spanischen,1
wenigstes,1
rennst,1
anrufst,1
angelaufen,1
reserve,1
versichere,1
junges,1
aufzudecken,1
blutlust,1
aufsteigen,1
beigebracht,1
gutem,1
sommersprossen,1
angefleht,1
schlachtest,1
killer,1
unbeschwertes,1
wagst,1
vieler,1
gezwungen,1
mord,1
begehen,1
abgelehnt,1
giftmaden,1
erzogen,1
handschellen,1
weglaufen,1
bleibe,1
gespalten,1
platzt,1
seifenblase,1
ertragen,1
armseliges,1
besserwisser,1
schiefgehen,1
ausfindig,1
beachtliche,1
fasziniert,1
diebische,1
elster,1
b,1
zeitplan,1
beben,1
infernos,1
reite,1
verklage,1
schaltpult,1
todesurteil,1
vollstreckt,1
telepathisch,1
rohe,1
kindheit,1
heimbringen,1
erzieht,1
aufgeladen,1
anhalten,1
brutstation,1
brandneues,1
exmittiert,1
erblaubt,1
freundlichen,1
satelite,1
tagelang,1
herzchen,1
verwarnung,1
reingeschneit,1
protestieren,1
jawohl,1
beschmieren,1
fluchen,1
merk,1
provoziere,1
aufforderung,1
podium,1
eckiges,1
kantige,1
kinne,1
jeans,1
shop,1
klassiker,1
bauernjunge,1
oklahoma,1
beweg,1
packung,1
millionenpublikum,1
zuschauerzahlen,1
versiegeltes,1
rausgegangen,1
exoglas,1
durchzukommen,1
zugeschaut,1
kamera,1
beliebt,1
manche,1
hergeholt,1
kyoto,1
japan,1
gelacht,1
niedliche,1
dummer,1
anagramm,1
wortes,1
anwesen,1
wannsee,1
pangalaktischen,1
verkehrskalender,1
hoob,1
clavadoe,1
pandoff,1
minus,1
bank,1
buchstabe,1
raumfahrt,1
traumfrau,1
sozialhilfe,1
marsdronen,1
kobaltpyramide,1
bekannten,1
instituts,1
errichtet,1
touchdown,1
torchwood,1
magermilchjoghurt,1
beispiele,1
buchstabenart,1
vokale,1
biologie,1
blutzellen,1
eisen,1
holovideo,1
serie,1
aufgehender,1
jupiter,1
grexnik,1
verheiratet,1
drayvole,1
aufgetaucht,1
steuern,1
look,1
pirat,1
hauch,1
schwarzenegger,1
weste,1
aufzulockern,1
trag,1
jacken,1
angel,1
taillenschnitt,1
betont,1
outfit,1
ops,1
ringsherum,1
ehrgeiz,1
innovatives,1
beruflich,1
blondieren,1
entscheidet,1
werbung,1
sendung,1
atome,1
zerlegt,1
entweder,1
sofa,1
zusammenkommen,1
gehorchst,1
bestraft,1
eingezogen,1
dummheiten,1
davina,1
strood,1
nominiert,1
seife,1
gemopst,1
tolle,1
gameshow,1
vermarkten,1
platte,1
fitness,1
video,1
jahrzehnte,1
menschlichem,1
bewerben,1
potentieller,1
kandidat,1
zufallsgenerator,1
gewinnern,1
weiterleben,1
erfasst,1
linda,1
gewaltsam,1
gesittet,1
phase,1
messen,1
hundekopf,1
brustkorb,1
extrem,1
unbewaffnet,1
kompakt,1
laser,1
deluxe,1
accessoire,1
erinnerung,1
erwaten,1
meiste,1
strohdumm,1
prinzessin,1
vossaheens,1
nachnamen,1
antreten,1
kohle,1
betreiben,1
kinderlied,1
quiz,1
hausregeln,1
rauszuwerfen,1
eingeschleust,1
durchgeknallt,1
automatischer,1
prozess,1
gewollt,1
transportieren,1
breche,1
rausbringe,1
abwechslung,1
damals,1
obergeschoss,1
ernstes,1
feuchtigkeitscreme,1
brummt,1
einfache,1
gameshows,1
familienduell,1
ruck,1
zuck,1
kochduell,1
kompost,1
popstars,1
singst,1
geblendet,1
ergeben,1
gelegt,1
reisender,1
weiterziehen,1
rauszukommen,1
richten,1
protokolliert,1
sicherheitsproblem,1
betreten,1
kompatible,1
wellensignaturen,1
anpassen,1
ne,1
knarre,1
orbit,1
atlantische,1
smogsturm,1
informiert,1
fett,1
hirnloses,1
zusammenleben,1
folge,1
stars,1
verlaufen,1
berichtigt,1
abgeschaltet,1
ersatz,1
regierungen,1
taktische,1
orten,1
beeilst,1
verbinde,1
vorgestellt,1
beschwere,1
muchas,1
gracias,1
kompatibel,1
kompliziert,1
geographie,1
zentralschlucht,1
benannt,1
sheffield,1
rausholen,1
literatur,1
autorin,1
lucky,1
stewart,1
collins,1
einwohner,1
isop,1
galaxie,1
red,1
velvets,1
hoshbin,1
frane,1
gaffabeque,1
stammt,1
lucifer,1
abstand,1
imperator,1
jates,1
fingerspitze,1
definiert,1
goffel,1
paab,1
mode,1
stella,1
pok,1
baint,1
schuhe,1
physik,1
hazeldine,1
chen,1
hydra,1
legierung,1
mordrausch,1
reykjavik,1
pola,1
ventura,1
spieler,1
illegal,1
anzuhalten,1
aufgrund,1
gesetzgebung,1
spielestations,1
syndikats,1
strafkolonie,1
urteil,1
rechtsmittel,1
aufzug,1
weglegen,1
output,1
angestellter,1
erkennt,1
behalte,1
unautorisierte,1
transmats,1
geiseln,1
selbe,1
exekutiert,1
herunter,1
wiederholungen,1
ausstrahlungen,1
programme,1
dunklen,1
geleitet,1
hunderten,1
zahl,1
hinstellen,1
widersetze,1
sigma,1
fehlenden,1
datei,1
ungeplanten,1
transmissionen,1
angelegt,1
vorwand,1
installation,1
gespielt,1
kulissen,1
sonnensystems,1
zweites,1
sonar,1
scannern,1
abschalte,1
lokalisiert,1
kommunikations,1
weibchen,1
vollendung,1
einmischen,1
begleiterin,1
gehorchen,1
verneinung,1
stinkenden,1
fegen,1
leitet,1
feindliche,1
geehrte,1
einzudringen,1
betrieb,1
aussicht,1
