–ò–º. –ø–∞–¥–µ–∂ (Nominativ)	–†–æ–¥. –ø–∞–¥–µ–∂ (Genitiv)	–î–∞—Ç. –ø–∞–¥–µ–∂ (Dativ)	–í–∏–Ω. –ø–∞–¥–µ–∂ (Akkusativ)
ich	meiner	mir	mich
du	deiner	dir	dich
er	seiner	ihm	ihn
sie	ihrer	ihr	sie
es	seiner	ihm	es
wir	unser	uns	uns
ihr	eurer	euch	euch
sie	ihrer	ihnen	sie
Sie	Ihrer	Ihnen	Sie

2. –í–æ–∑–≤—Ä–∞—Ç–Ω–æ–µ –º–µ—Å—Ç–æ–∏–º–µ–Ω–∏–µ (Reflexivpronomen)
–õ–∏—Ü–æ	–í–∏–Ω. –ø–∞–¥–µ–∂	–î–∞—Ç. –ø–∞–¥–µ–∂
ich	mich	mir
du	dich	dir
er/sie/es	sich	sich
wir	uns	uns
ihr	euch	euch
sie/Sie	sich	sich

üîπ –û—Å–Ω–æ–≤–Ω—ã–µ —É–∫–∞–∑–∞—Ç–µ–ª—å–Ω—ã–µ –º–µ—Å—Ç–æ–∏–º–µ–Ω–∏—è (Demonstrativpronomen)
–ù–µ–º–µ—Ü–∫–∏–π	–†—É—Å—Å–∫–∏–π –ø–µ—Ä–µ–≤–æ–¥
dieser	—ç—Ç–æ—Ç
jener	—Ç–æ—Ç
derjenige	—Ç–æ—Ç —Å–∞–º—ã–π
derselbe	—Ç–æ—Ç –∂–µ —Å–∞–º—ã–π
solcher	—Ç–∞–∫–æ–π (–ø–æ–¥–æ–±–Ω—ã–π)
der (–∫–∞–∫ —É–∫–∞–∑–∞—Ç–µ–ª—å–Ω–æ–µ)	—ç—Ç–æ—Ç / —Ç–æ—Ç

üî∏ –°–∫–ª–æ–Ω–µ–Ω–∏–µ dieser / jener
–ü–∞–¥–µ–∂	–ú—É–∂. —Ä–æ–¥ (der)	–ñ–µ–Ω. —Ä–æ–¥ (die)	–°—Ä. —Ä–æ–¥ (das)	–ú–Ω. —á–∏—Å–ª–æ (die)
Nominativ	dieser	diese	dieses	diese
Akkusativ	diesen	diese	dieses	diese
Dativ	diesem	dieser	diesem	diesen
Genitiv	dieses	dieser	dieses	dieser
–î–ª—è jener ‚Äì —Ç–∞ –∂–µ —Å—Ö–µ–º–∞: jener, jene, jenes –∏ —Ç.–¥.

üî∏ –°–∫–ª–æ–Ω–µ–Ω–∏–µ derjenige (—Ç–æ—Ç —Å–∞–º—ã–π)
derjenige = der + jenige, —Å–∫–ª–æ–Ω—è—é—Ç—Å—è –æ–±–∞ —ç–ª–µ–º–µ–Ω—Ç–∞.
–ü–∞–¥–µ–∂	–ú—É–∂. —Ä–æ–¥	–ñ–µ–Ω. —Ä–æ–¥	–°—Ä. —Ä–æ–¥	–ú–Ω. —á–∏—Å–ª–æ
Nominativ	derjenige	diejenige	dasjenige	diejenigen
Akkusativ	denjenigen	diejenige	dasjenige	diejenigen
Dativ	demjenigen	derjenigen	demjenigen	denjenigen
Genitiv	desjenigen	derjenigen	desjenigen	derjenigen

üî∏ –°–∫–ª–æ–Ω–µ–Ω–∏–µ derselbe (—Ç–æ—Ç –∂–µ —Å–∞–º—ã–π)
derselbe = der + selbe, —Å–∫–ª–æ–Ω—è—é—Ç—Å—è –æ–±–∞ —ç–ª–µ–º–µ–Ω—Ç–∞.
–ü–∞–¥–µ–∂	–ú—É–∂. —Ä–æ–¥	–ñ–µ–Ω. —Ä–æ–¥	–°—Ä. —Ä–æ–¥	–ú–Ω. —á–∏—Å–ª–æ
Nominativ	derselbe	dieselbe	dasselbe	dieselben
Akkusativ	denselben	dieselbe	dasselbe	dieselben
Dativ	demselben	derselben	demselben	denselben
Genitiv	desselben	derselben	desselben	derselben

üî∏ –°–∫–ª–æ–Ω–µ–Ω–∏–µ solcher (—Ç–∞–∫–æ–π, –ø–æ–¥–æ–±–Ω—ã–π)
–ò—Å–ø–æ–ª—å–∑—É–µ—Ç—Å—è —á–∞—Å—Ç–æ –≤–æ –º–Ω–æ–∂–µ—Å—Ç–≤–µ–Ω–Ω–æ–º —á–∏—Å–ª–µ:
Solche Leute kenne ich nicht. ‚Äî –¢–∞–∫–∏—Ö –ª—é–¥–µ–π —è –Ω–µ –∑–Ω–∞—é.
–ü–∞–¥–µ–∂	–ú—É–∂. —Ä–æ–¥	–ñ–µ–Ω. —Ä–æ–¥	–°—Ä. —Ä–æ–¥	–ú–Ω. —á–∏—Å–ª–æ
Nominativ	solcher	solche	solches	solche
Akkusativ	solchen	solche	solches	solche
Dativ	solchem	solcher	solchem	solchen
Genitiv	solchen	solcher	solchen	solcher

üî∏ –£–∫–∞–∑–∞—Ç–µ–ª—å–Ω–æ–µ –º–µ—Å—Ç–æ–∏–º–µ–Ω–∏–µ der (–≤ —Ä–æ–ª–∏ —É–∫–∞–∑–∞—Ç–µ–ª—å–Ω–æ–≥–æ)
der –º–æ–∂–µ—Ç –±—ã—Ç—å —É–∫–∞–∑–∞—Ç–µ–ª—å–Ω—ã–º –≤ –∫–æ–Ω—Ç–µ–∫—Å—Ç–µ:
Der da ist mein Bruder. ‚Äî –í–æ–Ω —Ç–æ—Ç ‚Äî –º–æ–π –±—Ä–∞—Ç.
Ich nehme den da. ‚Äî –Ø –≤–æ–∑—å–º—É –≤–æ—Ç —Ç–æ—Ç.
–°–∫–ª–æ–Ω—è–µ—Ç—Å—è –∫–∞–∫ –∞—Ä—Ç–∏–∫–ª—å:
–ü–∞–¥–µ–∂	–ú—É–∂. —Ä–æ–¥	–ñ–µ–Ω. —Ä–æ–¥	–°—Ä. —Ä–æ–¥	–ú–Ω. —á–∏—Å–ª–æ
Nominativ	der	die	das	die
Akkusativ	den	die	das	die
Dativ	dem	der	dem	denen
Genitiv	des	der	des	der

üîπ –ß–∞—Å—Ç–æ —É–ø–æ—Ç—Ä–µ–±–ª—è–µ–º—ã–µ –≤–æ–∑–≤—Ä–∞—Ç–Ω—ã–µ –≥–ª–∞–≥–æ–ª—ã (—Å sich)
–ì–ª–∞–≥–æ–ª (–∏–Ω—Ñ–∏–Ω–∏—Ç–∏–≤)	–ü–µ—Ä–µ–≤–æ–¥	–ü—Ä–∏–º–µ—Ä
sich freuen	—Ä–∞–¥–æ–≤–∞—Ç—å—Å—è	Ich freue mich auf das Wochenende.
sich erinnern	–≤—Å–ø–æ–º–∏–Ω–∞—Ç—å	Erinnerst du dich an ihn?
sich beeilen	—Å–ø–µ—à–∏—Ç—å	Wir m√ºssen uns beeilen.
sich setzen	—Å–∞–¥–∏—Ç—å—Å—è	Setzt euch bitte!
sich interessieren	–∏–Ω—Ç–µ—Ä–µ—Å–æ–≤–∞—Ç—å—Å—è	Er interessiert sich f√ºr Kunst.
sich f√ºhlen	—á—É–≤—Å—Ç–≤–æ–≤–∞—Ç—å —Å–µ–±—è	Ich f√ºhle mich heute m√ºde.
sich entspannen	—Ä–∞—Å—Å–ª–∞–±–ª—è—Ç—å—Å—è	Am Abend entspanne ich mich.
sich waschen	—É–º—ã–≤–∞—Ç—å—Å—è, –º—ã—Ç—å—Å—è	Er w√§scht sich jeden Morgen.
sich anziehen	–æ–¥–µ–≤–∞—Ç—å—Å—è	Ich ziehe mich schnell an.
sich ausziehen	—Ä–∞–∑–¥–µ–≤–∞—Ç—å—Å—è	Sie zieht sich langsam aus.
sich vorstellen	–ø—Ä–µ–¥—Å—Ç–∞–≤–ª—è—Ç—å—Å—è / –ø—Ä–µ–¥—Å—Ç–∞–≤–ª—è—Ç—å	Ich stelle mich vor. ‚Äî –Ø –ø—Ä–µ–¥—Å—Ç–∞–≤–ª—è—é—Å—å.
Ich stelle mir das vor. ‚Äî –Ø –ø—Ä–µ–¥—Å—Ç–∞–≤–ª—è—é —Å–µ–±–µ —ç—Ç–æ.
sich beschweren	–∂–∞–ª–æ–≤–∞—Ç—å—Å—è	Sie beschwert sich √ºber das Essen.
sich bedanken	–±–ª–∞–≥–æ–¥–∞—Ä–∏—Ç—å	Ich bedanke mich bei dir.
sich entschuldigen	–∏–∑–≤–∏–Ω—è—Ç—å—Å—è	Er entschuldigt sich f√ºr die Versp√§tung.
sich verlieben	–≤–ª—é–±–ª—è—Ç—å—Å—è	Sie hat sich in ihn verliebt.
sich treffen	–≤—Å—Ç—Ä–µ—á–∞—Ç—å—Å—è	Wir treffen uns um acht.
sich k√ºmmern (um)	–∑–∞–±–æ—Ç–∏—Ç—å—Å—è (–æ)	Ich k√ºmmere mich um die Kinder.
sich langweilen	—Å–∫—É—á–∞—Ç—å	Die Kinder langweilen sich.
sich sch√§men	—Å—Ç—ã–¥–∏—Ç—å—Å—è	Er sch√§mt sich f√ºr sein Verhalten.
üî∏ –ó–∞–º–µ—á–∞–Ω–∏—è:
–í–æ–∑–≤—Ä–∞—Ç–Ω–æ–µ –º–µ—Å—Ç–æ–∏–º–µ–Ω–∏–µ —Å–æ–≥–ª–∞—Å—É–µ—Ç—Å—è –ø–æ –ª–∏—Ü—É —Å –ø–æ–¥–ª–µ–∂–∞—â–∏–º.
–ù–µ–∫–æ—Ç–æ—Ä—ã–µ –≥–ª–∞–≥–æ–ª—ã –º–æ–≥—É—Ç –±—ã—Ç—å –∫–∞–∫ –≤–æ–∑–≤—Ä–∞—Ç–Ω—ã–º–∏, —Ç–∞–∫ –∏ –Ω–µ –≤–æ–∑–≤—Ä–∞—Ç–Ω—ã–º–∏ (–Ω–∞–ø—Ä–∏–º–µ—Ä, setzen ‚Äî —Å–∞–∂–∞—Ç—å –∫–æ–≥–æ-—Ç–æ, sich setzen ‚Äî —Å–∞–¥–∏—Ç—å—Å—è —Å–∞–º–æ–º—É).
–ù–µ–∫–æ—Ç–æ—Ä—ã–µ –≥–ª–∞–≥–æ–ª—ã —Ç—Ä–µ–±—É—é—Ç –¥–æ–ø–æ–ª–Ω–∏—Ç–µ–ª—å–Ω–æ–≥–æ —É–ø—Ä–∞–≤–ª–µ–Ω–∏—è (–Ω–∞–ø—Ä–∏–º–µ—Ä, sich interessieren f√ºr, sich k√ºmmern um).
