Wort,Ru
die,"[определённый артикль женского рода в единственном числе / определенный артикль множественного числа, как правило, не переводится] / кристалл {м}"
der,"[определённый артикль мужского рода в единственном числе, как правило, не переводится] / тот / он"
in,в / на [+prep.]
und,"и / а [противительный, соединительный] / да [соединительный]"
das,"[определённый артикль среднего рода в единственном числе, как правило, не переводится] / это"
eine,
ist,
ein,"[неопределённый артикль, как правило, не переводится]"
sie,они / она / вы
was,что
den,
man,
zu,слишком / к [+dat.]
von,от
einer,
bei,у [+gen.] / при / возле [+gen]
jahre,года́ {мн} / годы {мн}
im,в [+prep.]
des,
mit,с [+instr.]
zur,к [+dat.]
an,у [+gen.] / на [+prep.] / при [+prep.] [вблизи]
hat,
nicht,не / ни [при глаголе с отрицанием]
bundesrepublik,федеративная республика {ж}
kann,
alle,все
wenn,кабы [разг.] / ежели [устр.] [разг.] / если / когда / коли [разг.] [если]
ddr,
dem,
sich,себя [в форме вежливости и при подлежащем в третьем лице ед. ч. и мн. ч.]
es,оно
einen,
er,он
wird,
staat,штат {м} [единица административного деления] / государство {с} / держава {ж} [государство]
darf,
werden,становление {с} / становиться [несов.] / стать [сов.] [сделаться]
wie,"аки [устр.] [как, подобно] / как / словно [как, подобно] / точно [как, словно] / яко [устр.] [как]"
bundestag,бундестаг {м}
muss,необходимость {ж}
wer,кто
nach,"согласно [+dat.] / через [о прошедшем] / в [+akk.] [для обозначения направления, на вопрос ”куда?”] / после [+gen.]"
partei,"сторона {ж} [в процессе, договоре] / партия {ж}"
zum,к [+dat.]
nur,исключительно / всего-навсего [разг.] / всего лишь / лишь [только] / один [только] / только
welches,
auf,филин {м} [bubo bubo] / на / наверху
einem,
sind,
als,словно / в качестве / как / когда / нежели [устр.] [книжн.] / чем
ich,я {с} [нескл.] / я
weil,ибо [книжн.] / поскольку [так как] / потому что / так как
bis,до / до / по [+akk.] [временный] / до [+gen.] / пока не
bedeutet,
durch,волею [+gen.] [разг.] / благодаря [+dat.] / за счёт / по [+dat.] / сквозь [+akk.] / через
vor,впереди [+gen.] / до / перед [+instr.]
frau,гражданочка {ж} [уменьш.] / госпожа {ж} [как обращение] / жена {ж} / женщина {ж}
haben,кре́дит {м} / возыметь [сов.] [книжн.] / иметь [несов.]
welche,
um,"вкруг [+gen.] [устр.] / вокруг [+gen.] / вокруг / в [для обозначения времени] / о [указывает на предмет или лицо, в отношении которых совершается какое-л. действие]"
regierung,царство {с} [царствование] / царствование {с} [правление] / правительство {с}
recht,довольно [весьма] / право {с}
am,на [+prep.]
parteien,
aus,аут {м} / из [+gen.]
menschen,люди {мн}
land,дача {ж} [загородная местность] / страна {ж}
viele,многие / много кто
bundeskanzler,федеральный канцлер {м}
union,партийный союз {м} хдс/хсс [фрг] / союз {м} / уния {ж}
war,
gesetze,
wahl,выборы {мн} / выбор {м} / избрание {с}
gibt,
beim,у [+gen.]
gegen,"против [+gen.] / к [около] / около [приблизительно] / взамен [указывает на замену, вознаграждение] / за [указывает на замену, вознаграждение] / в отношении / перед [по отношению к] / по отношению к / с [по отношению к] / вопреки / помимо / на [по направлению к] / по сравнению с / сравнительно с / по направлению к [+dat.]"
wahlen,выборы {мн}
welchem,
bundesrat,бундесрат {м}
parlament,парламент {м}
wann,когда
ihre,
sowjetunion,советский союз {м}
mann,муж {м} / муж {м} [устр.] [возв.] [мужчина] / гражданин {м} [разг.] [мужчина] / мужик {м} [разг.] [мужчина] / мужчина {м} / человек {м} [мужчина]
bundeskanzlerin,федеральный канцлер {м} [женщина]
spd,
jahr,год {м}
meinungsfreiheit,свобода {ж} сло́ва
eltern,родители {мн} / родичи {мн} [разг.] [родители]
mehr,больше
meisten,
sachsen,саксония {ж} / саксы {мн}
bekommt,
kind,детка {ж} [разг.] / дитя {с} / малолетка {м} {ж} [разг.] [ребёнок] / малолеток {м} [разг.] [ребёнок] / ребёнок {м}
zeit,"пора́ {ж} [время, период, эпоха] / время {с}"
frankreich,франция {ж}
eu,
tun,образ {м} действий / делать [несов.] / сделать [сов.]
machen,изготавливать [несов.] [производить] / изготовить [сов.] [произвести] / совершать [несов.] / совершить [сов.] / поступать [несов.] / поступить [сов.] [совершить какой-л. поступок] / изготовлять [несов.] [производить] / производить [несов.] / сработать [изготовить] [разг.] [сов.] / делать [несов.] / сделать [сов.] / соорудить [сов.] [разг.] [сделать] / сооружать [несов.] [разг.] [делать]
personen,
abgeordneten,
bundesland,(федеральная) земля {ж}
oder,али [разг.] [поэт.] [или] / аль [разг.] [поэт.] [или] / или / одра {ж}
aufgabe,"урок {м} [разг.] [работа, заданная на определённый срок] / задача {ж} / оставление {с} [должности] / задание {с}"
vom,от [+gen.]
berlin,берлин {м}
ende,финиш {м} [окончание] / капут {м} [разг.] [конец] / кончина {ж} [возв.] / окончание {с} [конец] / конец {м} / концовка {ж} / финал {м} / хана́ {ж} [разг.] [презр.] [конец]
usa,
wurde,
warschauer,варшавский / варшавянин {м}
keine,
arbeit,дело {с} [занятие] / работа {ж} / труд {м}
seine,
ihr,"их / ей / вы / ваш [в личных письмах, официальных документах, адресованных конкретному лицу] / ваш [форма вежливости]"
gehen,отправиться [сов.] [пойти] / спортивная ходьба {ж} / хождение {с} / идти [несов.] / пойти [сов.] / ступать [несов.] [идти] / ходить [несов.]
ohne,без [+gen.]
gericht,кушанье {с} / блюдо {с} / суд {м}
mindestens,как минимум / по крайней мере / по меньшей мере
richterin,судья {ж}
bayern,бавария {ж}
grundgesetz,конституция {ж} [основной закон] / основной закон {м}
sein,есть [быть] / бывать [несов.] [находиться] / находиться [несов.] [быть] / бытие {с} / быть [несов.] [существовать] / его [притяжательное местоимение] / свой / являться [несов.]
fraktion,фракция {ж}
bundesregierung,федеральное правительство {с}
leben,век {м} [жизнь] / живот {м} [устр.] [жизнь] / жизнь {ж} / существование {с} [жизнь] / жить [несов.] / поживать [несов.] [жить]
republik,республика {ж}
demonstrationen,
abgeordnete,депутат {м} [женщина] / депутатка {ж} [разг.]
cdu,
csu,
fdp,
eines,
nennt,
arbeitgeber,работодатель {м}
arbeitnehmer,служащий {м}
arbeitnehmerinnen,
stimmen,быть верным [соответствовать истине] / соответствовать истине / голосовать [несов.] [отдавать свой голос]
gemeinde,паства {ж} [собир.] / коммуна {ж} / община {ж}
arbeiten,работать [несов.] / трудиться [несов.]
zweiten,
weltkrieg,мировая война {ж}
rot,червлень {м} / красный / червлёный
stelle,место {с}
damit,"c тем / с тем, чтобы"
einwohner,житель {м}
frei,бесплатно / бесплатный / вольготный [разг.] / вольно / вольный [свободный] / свободно / свободный
waren,товары {мн}
verfassung,состояние {с} / конституция {ж} / основной закон {м}
zwei,двойка {ж} / два
freie,
soziale,
gewalt,насилие {с} / власть {ж} / насильство {с} [разг.]
polizei,милиция {ж} [государственный орган] / полиция {ж}
schulen,
bundesversammlung,федеральное собрание {с}
christlich,христианский
ab,с [+gen.]
kinder,детвора {ж} [разг.] [собир.] / дети {мн} / малышня {ж} [разг.] [собир.] / ребята {мн} [дети] / ребятня {ж} [собир.] [разг.] [дети]
gebiet,область {ж} [тж. перен.] / зона {ж} / местность {ж}
jahren,
richter,судья {м}
besatzungszone,оккупационная зона {ж}
pakt,пакт {м}
schwarz,вороной / налево [разг.] [незаконно] / чёрный
verheiratet,"замужняя / женатый / семейный [имеющий семью, состоящий в браке]"
entscheiden,решать [принимать решение] [несов.]
ob,обь {ж} [река] / обь {м} [город] / ли
schule,школа {ж}
einwohnerinnen,
dazu,в придачу [разг.]
diktatur,диктатура {ж}
kein,нету [разг.] / ни [перед существительным] / ни один
anhalt,
monarchie,монархия {ж}
volk,люд {м} [собир.] [разг.] / народ {м} / язык {м} [устр.] [народ]
sozialversicherung,социальное страхование {с}
minister,министр {м}
erste,
welchen,
dadurch,благодаря этому / вследствие этого / тем самым
welcher,какой / кой [разг.] [устр.] [который] / который
bezahlt,оплаченный
deshalb,вот почему / из-за этого / оттого / посему [устр.] / потому / поэтому
geht,
ordnungsamt,[городское ведомство правопорядка в германии и австрии]
zusammen,вкупе [устр.] / вместе / воедино / слитно
wo,где
entscheidet,
mehrheit,большинство {с}
alter,старый {м} [разг.] / чувак {м} [разг.] [жарг.] / батька {м} [разг.] [отец] [тж. обращение к пожилому человеку] / батя {м} [разг.] [отец] / пахан {м} [жарг.] [отец] / старик {м} / старикан {м} [разг.] [шутл.] / старикашка {м} [разг.] [презр.] / старичишка {м} [разг.] [презр.] / старичок {м} [разг.] [уменьш.] / старичонка {м} [разг.] [презр.] / старость {ж} [преклонный возраст] / возраст {м}
parlaments,
chef,"начальник {м} / глава {м} [учреждения, предприятия и т. п.] / пахан {м} [жарг.] [руководитель предприятия, фирмы, заведения и т. п.] / руководитель {м} / шеф {м}"
weiter,далее [дальше] / дальше / шире
spricht,
nationalsozialisten,национал-социалисты {мн}
hitler,
konrad,
adenauer,
zweite,
wurden,
nachfrage,запрос {м} / спрос {м}
brandenburg,бранденбург {м}
hessen,гессен {м} / гессенцы {мн}
rollstuhl,(инвалидная) коляска {ж} / инвалидное кресло {с} / кресло-каталка {с} [разг.] / кресло-коляска {с}
gilt,
wahlrecht,избирательное право {с}
geld,деньги {мн} / деньжонки {мн} [разг.] [презр.]
gesetz,закон {м}
steht,
gleich,одинаково / такой же / немедленно / одинаковый / равный / ровно [одинаково]
jeder,каждый / кажинный [устр.] [каждый] / любой
begriff,представление {с} [о чём-л.] / понятие {с}
mecklenburg,
vorpommern,
einheit,подразделение {с} [структурная единица] / единица {ж} [измерения] / единство {с} / отряд {м}
religionsgemeinschaften,
bilden,сформировать [сов.] / формировать [несов.]
eigene,
warum,отчего / почему
politische,
marktwirtschaft,рыночная экономика {ж}
staatsgewalt,государственная власть {ж}
bundesverfassungsgericht,федеральный конституционный суд {м} [фрг]
vier,четвёрка {ж} / четыре
kontrolliert,подконтрольный / проверено
helmut,
sitzt,
geben,дача {ж} [сущ. к дать] / давать [несов.] / дать [сов.] / пода́ть [сов.] / подавать [несов.]
dieser,сей [этот] / этот
bezeichnet,
arbeitgeberin,
buslinie,автобусный маршрут {м}
mich,меня
mitglied,"член {м} [семьи, партии, клуба и т. п.]"
arbeitet,
fur,
mauer,стенка {ж} [в футболе] / стена {ж} [особ. каменная наружная]
gab,
angebot,(коммерческое) предложение {с} [оферта с указанием цены] / предлагаемый товар {м} / ассортимент {м} / оферта {ж} / предложение {с}
weltkrieges,
heutige,
gehorte,
fruher,
nichts,нечего / ничего [ничто] / ничто
mussen,
tochter,доча {ж} [разг.] / дочка {ж} [разг.] / дочь {ж}
fernseher,телевизор {м}
teilnimmt,
gemeint,имел в виду
halten,останавливаться [несов.] / соблюдать [несов.] / держать [несов.]
gerichte,блюда {мн} [кушанья]
meinung,взгляд {м} [мнение] / мнение {с}
grundrecht,основное право {с}
familie,семья {ж} / семейство {с} [тж. биол.] / фамилия {ж} [книжн.]
pressefreiheit,свобода {ж} печати
aber,а / но / однако
denn,так как / ведь / же [в значении усилительной частицы] / ибо [книжн.] / потому что
meine,
seinen,
beruf,"род {м} занятий / специальность {ж} / профессия {ж} / работа {ж} [занятие, как источник заработка]"
andere,другой / иной [другой]
kleinen,
firma,компания {ж} / фирма {ж}
sozialer,
bundesstaat,
getrennt,отдельно / порознь / раздельный [отдельный]
krankenversicherung,медицинское страхование {с} / страхование {с} на случай болезни
volke,
bundestages,
bundeslandes,
linke,коммуняка {ж} [разг.] [презр.]
bundestagswahl,выборы {мн} в бундестаг
finanzamt,налоговое управление {с} / финансовое управление {с}
befinden,самочувствие {с}
verlieren,проиграть [сов.] / проигрывать [несов.] / утрачивать [несов.] / лишаться [несов.] / лишиться [сов.] / потерять [сов.] / терять [несов.] [+akk.]
arbeitgeberinnen,
schreiben,письмо {с} / бумага {ж} [документ] / грамота {ж} [устр.] [письмо] / писание {с} / написа́ть [сов.] / писа́ть [несов.]
alt,старинный / древний / давний / альт {м} [голос и певец] / альтбир {м} [тёмный сорт пива] / лежалый [разг.] / старый
seit,с [такого-то времени] / с тех пор как
geheim,засекреченный / затаённый / конфиденциальный [секретный] / негласный [тайный] / подпольный [перен.] [тайный] / потайной / потаённый [разг.] [тайный] / секретный / скрытый [тайный] / сокровенный [хранимый в тайне] / тайный
bekommen,получать [несов.] / получить [сов.] / приобретать [несов.] [получать]
ihren,
erhalten,получить [сов.] / сохранять [несов.] / получать [несов.]
aktives,
wollen,шерстяной / желать [несов.] [хотеть] / захотеть [сов.] / хотеть [несов.]
person,особа {ж} [тж. презр.] / лицо {с} / персона {ж}
kleine,малютка {ж} [разг.] [ребёнок] / крошка {ж} [разг.] [о ребёнке] / малышка {ж} [разг.] [ребёнок]
stimme,голос {м}
macht,сила {ж} / власть {ж} / могущество {с} / мощь {ж}
chefin,"глава {ж} [учреждения, предприятия и т. п.]"
ihrer,
anderen,
jugendliche,девочка-подросток {ж} / ребята {мн} [разг.] [молодые люди]
beginn,зачин {м} [устр.] [начало] / начало {с} / почин {м} [разг.] [начало]
europa,европа {ж}
nationalsozialismus,национал-социализм {м} [официальная идеология фашистской германии]
polen,соединять с полюсом / польша {ж} / поляки {мн}
stadt,город {м}
uhr,часики {мн} [уменьш.] / часы {мн}
nato,нато {м} {ж} {с} [нескл.] [организация североатлантического договора]
staaten,
beitritt,вступление {с} [в организацию] / присоединение {с} [кого-либо к организации]
kohl,капуста {ж}
wiedervereinigung,воссоединение {с}
nachbarland,соседняя страна {ж}
stellen,поставить [сов.] [поместить куда-л.] / ставить [несов.]
ihrem,
anmelden,"подавать заявку [напр. на участие в конкурсе] / вносить в список [учащихся, членов какой-л. организации и т. п.]"
gut,"ладно [разг.] [вполне успешно, как полагается] / имение {с} / поместье {с} / товар {м} / хороший / хорошо"
bestraft,наказанный
einwohnermeldeamt,адресный стол {м}
erwachsene,взрослые {мн}
abendgymnasium,
frauen,женщины {мн}
hohe,
gehaltsvorstellungen,
rechnung,"счёт {м} [за товар, работу] / счёт-фактура {м} / исчисление {с}"
lernen,"учение {с} [изучение] / ученье {с} [изучение] / учёба {ж} / выучить [сов.] [усвоить] / заниматься [несов.] [учиться, обучаться] / научиться [сов.] / учить [несов.] / учиться [несов.]"
glauben,"верить [несов.] / полагать [думать, считать] [несов.] / доверие {с} / поверить [сов.]"
offen,"открытый [тж. перен] / откровенный [искренний] / распахнутый / свободный [незанятый, вакантный] / незащищённый [открытый] / явный / открыто"
etwas,кое-что / нечто / что-либо <что-л.> / что-нибудь / что-то / немного / немножко [разг.]
sagen,высказать [сов.] / высказывать [несов.] / поведать [сов.] [устр.] [книжн.] / говорить [несов.] / молвить [сов./несов.] [разг.] / проговорить [сов.] [сказать] / промолвить [сов.] / сказать [сов.]
religionsfreiheit,свобода {ж} вероисповедания
rechtsstaat,правовое государство {с}
noch,ещё / пока ещё
viel,гораздо / много
genannt,именуемый / упомянутый
abschaffen,упразднять [несов.]
dass,что / чтобы
religion,религия {ж} / вера {ж} [разг.]
nordrhein,
westfalen,вестфалия {ж}
pressezensur,
bildung,образование {с} / образованность {ж}
staatliche,
sicherheit,уверенность {ж} / безопасность {ж}
ministerin,министр {м} [женщина]
armee,армия {ж}
beginnt,
vertreten,"защищать [чьи-л. права, интересы и т. п.] [несов.] / представлять [какое-л. лицо или организацию] [несов.]"
staatsoberhaupt,глава {м} {ж} государства
aufgaben,
gehort,
kindergeld,
planwirtschaft,плановая экономика {ж} / плановое хозяйство {с}
demonstrieren,продемонстрировать [сов.] / показывать [несов.] / демонстрировать [несов.] [принимать участие в демонстрации]
grund,донышко {с} [уменьш.] / дно {с} / причина {ж} / резон {м} [разг.] [устр.] [причина]
verhaftet,арестованный
amt,ведомство {с} [учреждение] / пост {м} [должность] / бюро {с} [нескл.] [учреждение]
abgeordneter,депутат {м}
heute,ныне [нареч.] [разг.] [сегодня] / ныне [нареч.] [возв.] [в настоящее время] / сегодня {с} [нескл.] / нынче [разг.] [сегодня] / сегодня
bundeskabinett,
allem,
kanzler,канцлер {м}
dort,там
bundeskanzleramt,ведомство {с} федерального канцлера германии / ведомство {с} федерального канцлера австрии
schloss,дворец {м} / за́мок {м} / замо́к {м}
christlicher,
einhaltung,соблюдение {с}
schwieriger,
kommen,прибывать [несов.] / пожаловать [сов.] [устр.] [шутл.] [прийти] / кончать [несов.] [груб.] [испытывать оргазм] / наступить [сов.] [настать] / наезжать [несов.] [разг.] [приезжать в большом количестве] / наехать [сов.] [разг.] [приехать в большом количестве] / прийти [сов.] / приходить [несов.] / явиться [сов.] [прийти]
ins,
jede,
fest,твёрдый [перен.] / торжество {с} [праздник] / празднество {с} / крепкий / крепко / твёрдо
lange,долго
helfen,подсобить [сов.] [разг.] / подсоблять [несов.] [разг.] / помогать [несов.] / помочь [сов.]
ehrenamtliche,волонтёрка {ж}
lebt,
zwang,принуждение {с}
mir,мне
wen,кого
mindestanteil,
grundsatz,основное правило {с} / правило {с} [принцип] / принцип {м}
sicher,наверно [несомненно] / безопасный / надёжный / уверенно
freiwillig,добровольно / добровольный / доброхотный [устр.] [добровольный] / по доброй воле
bezahlen,выложить [разг.] [сов.] [заплатить] / заплатить [сов.] / платить [несов.] / расплатиться [сов.] [заплатить] / уплатить [сов.]
soldaten,
erlaubt,разрешённый
abgeben,отдать [сов.]
immer,всё [перед сравн. ст.] / всегда
konnen,
sportverein,спортивное общество {с}
wende,"перевал {м} [разг.] [изменение в развитии, ходе, течении чего-л.] / поворот {м} [тж. перен.] / политический перелом {м} [крах социалистической системы в гдр и восточной европе] / оборот {м}"
unternehmen,начинание {с} [книжн.] / компания {ж} / предприятие {с} / предпринять [сов.]
nachbarn,соседи {мн}
strafe,кара {ж} / взыскание {с} / наказание {с} / расправа {ж} [наказание] / штраф {м}
adolf,
reich,рейх {м} [фашистская германия] / государство {с} [империя] / империя {ж} / царство {с} [государство] / богато / богатый / денежный [разг.] [богатый]
juden,иудеи {мн}
synagogen,
richtet,
pakts,
verantwortlich,ответственный
kpd,
westen,запад {м}
feiertag,праздник {м}
flagge,флаг {м}
ministerium,министерство {с}
beigetreten,
auch,"и [также, даже] / также / тоже"
montags,по понедельникам
geheimdienst,секретная служба {ж} / спецслужба {ж} [агентурная разведка]
passkontrolle,паспортный контроль {м}
reisen,разъезды {мн} [поездки] / ездить [несов.] [путешествовать] / путешествовать [несов.]
tschechien,чехия {ж}
meint,
demonstration,показ {м} / демонстрация {ж}
braucht,
heiraten,жениться [тк. сов.] [разг.] [о мужчине и женщине]
standesamt,бюро {с} записи актов гражданского состояния <загс> / загс {м}
scheidung,развод {м} [расторжение брака]
jugendamt,(местное) управление {с} по делам молодёжи [орган попечения о несовершеннолетних]
gleichbehandlung,
niemand,никого / никто
benachteiligt,обездоленный
zehn,"десятка {ж} [цифра; игральная карта; о трамвае, автобусе и т. п.] / десять"
brauch,обряд {м} / обычай {м}
eier,яйца {мн}
tannenbaum,рождественская ёлка {ж}
selben,
diskriminierung,дискриминация {ж}
englisch,английский / английский язык {м}
beispiel,образец {м} / пример {м} [образец]
regeln,правила {мн} / улаживать [несов.] / урегулировать [сов.] / устроить [привести в порядок] [сов.]
dunkle,
lohnsteuer,подоходный налог {м}
kirche,храм {м} [церковь] / церковь {ж}
migranten,
gastarbeiter,гастарбайтер {м}
gastarbeiterinnen,
blau,голубой / синева {ж} / синь {ж} [синева] / синий
hier,здесь / тут [здесь ] [разг.]
steuern,управлять [несов.] [направлять] / налоги {мн} / вести́ [несов.] [управлять] / направлять [несов.] / править [несов.] [управлять] / рулить [несов.]
zahlen,цифры {мн} / платить [несов.] / уплатить [сов.] / уплачивать [несов.]
lebensjahr,год {м} жизни
ihres,
kindes,
religionsunterricht,преподавание {с} закона божьего
grundrechten,
bestimmten,
stimmabgabe,
garantiert,наверняка [разг.]
wohnung,квартира {ж}
schutz,заслон {м} / заступничество {с} / защита {ж} / кров {м} [поэт.] [защита] / покровительство {с} [защита]
ja,угу [разг.] [выражает согласие] / да
nein,нет / нетушки [разг.]
opposition,оппозиция {ж} / противостояние {с}
letzten,
regierungspartei,правящая партия {ж}
falsche,
nazi,фашист {м} [разг.] [нацист] [презр.]
tragen,держать [несов.] [нести] / нести [несов.] / носить [несов.]
ausland,заграница {ж} [собир.] [разг.]
falscher,
kritik,критика {ж}
verbieten,воспретить [сов.] / воспрещать [несов.] / запретить [сов.] / запрещать [несов.]
versammlungsfreiheit,свобода {ж} собраний
wohnort,адрес {м} [местожительство] / место {с} жительства / местожительство {с}
wechseln,обменивать [деньги] [несов.] / разменивать [несов.] [деньги] / обмениваться [несов.] [чем-л.] / менять [несов.] / переменять [несов.] [сменить] / сменить [сов.] [переменить] / сменять [несов.]
ziel,цель {ж}
dann,"впоследствии [нареч.] / далее [затем] / потом / то [тогда] / тогда [в таком случае, при таких условиях]"
ehrenamtlich,на общественных началах
eigenen,
sozialistischer,
wirtschaft,черносошное хозяйство {с} [устр.] / хозяйство {с} / экономика {ж}
wahlberechtigte,"избирательница {ж} [лицо, имеющее право голоса]"
verschiedene,
zusammenarbeit,сотрудничество {с}
rennt,
gesetzgebung,законодательство {с}
richtig,верный [правильный] / корректный / настоящий / верно / достоверный [правильный] / правильно / правильный
voneinander,друг о друге / друг от друга
womit,с чем / чем
sozialabgaben,
regierungschefs,
regierungschefinnen,
bundeslander,
erster,первый
jedes,
nationalhymne,государственный гимн {м} / национальный гимн {м}
einigkeit,единогласие {с} / единодушие {с}
freiheit,воля {ж} [свобода] / раздолье {с} [перен.] [разг.] [полная свобода] / свобода {ж}
unterschiedlichen,
meinungen,
politik,политика {ж}
verboten,запретный / запрещено / запрещённый
wahlkampf,выборная кампания {ж} / предвыборная кампания {ж}
neue,
pflegeversicherung,страхование {с} на случай необходимости постоянного ухода
baut,
versorgt,
urlaubsreisen,
bestimmt,поди [разг.] [наверное] / предназначенный / наверно [несомненно] / непременно / определённый
lehrer,наставник {м} [учитель] / препод {м} [разг.] / преподаватель {м} / учитель {м}
zentralwirtschaft,
privatpolizei,
jemand,кто-то / некто
einhalten,соблюдать [несов.] / соблюсти [сов.]
pfarramt,
meistens,большей частью / в большинстве случаев / чаще всего
ehemaliger,
ehemalige,
pds,
wasg,
landtagswahl,выборы {мн} в парламент земли [германии и австрии]
europawahl,
bund,пояс {м} брюк / лад {м} [поперечное деление на грифе струнных инструментов] / общество {с} [организация] / союз {м} / пучок {м}
kommunen,
heinrich,генрих {м}
hoffmann,
fallersleben,
schulabschluss,окончание {с} школы / школьное образование {с}
gemeinden,
ministerinnen,
kanzlerin,канцлер {м} [женщина] / канцлерша {ж} [разг.]
bonn,бонн {м}
empfangen,получить [сов.] / полученный / принимать [несов.] / принять [сов.]
klaus,
frank,
walter,
steinmeier,
grundgesetzes,
amtsgericht,суд {м} низшей инстанции / суд {м} первой инстанции / участковый суд {м}
hauptaufgabe,
regierungsvertreter,представитель {м} правительства / резидент {м} [представитель правительства]
regieren,"управлять [государством, тж. грам.] [несов.] / царствовать [несов.] [властвовать]"
leichter,лихтер {м} / легче
zweitstimmen,
erststimmen,
sitze,
teilnehmen,участвовать [несов.]
schulpflicht,обязательное школьное обучение {с}
schweigepflicht,обязанность {ж} неразглашения / обязанность {ж} сохранения тайны [для представителей определённых профессий]
personalausweis,удостоверение {с} личности
automatisch,машинально / машинальный / автоматический
angestellt,
einmal,"единожды [один раз] / однова [однажды, один раз] / однажды [когда-то; один раз] / как-то [однажды] / один раз"
lebensversicherung,страхование {с} жизни
gesetzliche,
arbeitslosenversicherung,страхование {с} по безработице
gewerkschaften,
rentner,рантье {м} [нескл.] / пенсионер {м}
rentnerinnen,
bundesverdienstkreuz,орден {м} «за заслуги перед федеративной республикой германия»
bundestagsfraktionen,
verliert,
diese,эта / эти
oft,зачастую [разг.] / нередко / часто
arbeitszeit,время {с} работы / рабочее время {с}
wahlhelfern,
alten,
zwischenergebnisse,
wahlhelferinnen,
kindern,
normalerweise,как правило [обычно] / обычно
drei,тройка {ж} / три
mindestalter,минимальный возраст {м}
erreicht,достигнутый
arbeitsplatz,место {с} работы / рабочее место {с}
mein,
mehrheits,
anwesenheitskontrolle,контроль {м} присутствия
abstimmungen,
willen,
wechsel,смена {ж} / вексель {м} / перемена {ж} [изменение]
wahlbenachrichtigung,
benachrichtigung,авизо {с} [нескл.] / извещение {с} [сообщение] / оповещение {с} / уведомление {с}
vielen,
regierungsbildung,формирование {с} правительства
erschweren,"отягчать [книжн.] [перен.] [делать более тягостным, трудным, мучительным] [несов.] / отягощать [несов.] [об обстоятельствах] / затруднять [несов.] / осложнить [сов.] / осложнять [несов.]"
politiker,политик {м} / политический деятель {м}
oberhaupt,
freizeit,досуг {м} / свободное (от работы) время {с} / шабашка {ж} [устр.] [разг.] [свободное (от работы) время]
soldatinnen,
unbezahlt,
vereinen,совместить [сов.] [соединить] / совмещать [несов.] [соединять] / объединить [сов.] / совокупить [сов.] [книжн.] [объединить]
briefwahl,письменные выборы {мн}
will,
beteilige,
erhaltung,сохранение {с}
selber,
initiative,инициатива {ж} / почин {м} [инициатива]
brief,письмо {с}
ungerechtfertigter,
problemen,
arbeitsgericht,суд {м} по трудовым делам
erheben,взимать [несов.]
anzeigen,показывать [несов.] [о приборах] / указывать на что-л. [несов.]
kommt,
straftat,(уголовное) преступление {с} / криминал {м} [разг.] [уголовное преступление] / уголовка {ж} [разг.] [уголовное преступление] / уголовно наказуемое деяние {с} / уголовщина {ж} [разг.] [уголовное преступление]
begangen,совершённый
angeklagt,
vertritt,
richtern,
richterinnen,
schuld,долг {м} [денежный и т. п.] / задолжность {ж} / вина́ {ж} / грех {м} [вина] / виноватый [провинившийся в чём-л.] / виновный
rechtsanwalt,адвокат {м} / защитник {м}
richters,
urteile,
rechtsprechenden,
geteilt,раздельный [отдельный]
sprechen,разговаривать (с) [несов.] / высказывание {с} [процесс] / разговор {м} [процесс] / говорить [несов.] / гуторить [несов.] [разг.] [разговаривать] / молвить [сов./несов.] [устр.] [говорить] / поговорить [сов.]
gesetzen,
gerichtsschoffe,
gerichtsschoffin,
ehrenamtlicher,волонтёр {м}
baute,
mai,май {м}
berliner,берлинский / берлинец {м} / берлинер {м} [берлинский пончик] / берлинский пончик {м} [с начинкой]
weltkriegs,
dritte,
staatlichen,
rassismus,расизм {м}
attentat,покушение {с}
juli,июль {м}
montagsdemonstrationen,
schweden,швеция {ж} / шведы {мн}
verbot,запрет {м} / запрещение {с}
sorgt,
sozialen,
ausgleich,возмещение {с} ущерба / компенсация {ж}
amerikanischen,
sowjetischen,
juni,июнь {м}
west,
versorgung,обеспечение {с} / обслуживание {с} / снабжение {с} [обеспечение]
flugzeug,самолёт {м}
angst,тревога {ж} [беспокойство] / испуг {м} / боязнь {ж} / страх {м}
unterbrach,
gesamten,
verkehr,"половое сношение {с} / движение {с} [уличное, дорожное]"
landwege,
bedingungslose,
kapitulation,капитуляция {ж}
ludwig,
erhard,
alliierten,
bat,
polnischen,
vergebung,прощение {с}
sed,
sehr,очень
stunde,час {м}
darunter,в том числе / ниже / среди них
verstand,разум {м} / рассудок {м} / ум {м}
wiederaufbaus,
hammer,молот {м} / молоток {м}
zirkel,кружок {м} [по интересам] / кольцо {с} [круг] / циркуль {м} / кружки́ {мн} [объединения]
gebaut,
eigener,
tag,сутки {мн} / день {м} / тег {м}
niedersachsen,нижняя саксония {ж}
baden,баден {м} / купание {с} / искупать [сов.] [разг.] / искупаться [сов.] [разг.] / купаться [несов.]
stasi,
staatssicherheit,государственная безопасность {ж}
schleswig,шлезвиг {м}
holstein,гольштейн {м}
besetzt,занято [о набираемом телефонном номере] / занятый
heutigen,
montag,понедельник {м}
regime,режим {м} [государственный строй]
ersten,
landesweite,
streiks,
volksaufstand,народное восстание {с}
farben,
gold,золото {с} <au> / злато {с} [устр.] [книжн.]
gelb,жёлтый
kamen,
gedenktag,годовщина {ж}
opfer,жертва {ж}
europas,
euro,"евро {м} [нескл.] <eur, €> / евровалюта {ж}"
schweiz,швейцария {ж}
griechenland,греция {ж}
einheitliche,
osterweiterung,расширение {с} на восток
zusammenschluss,объединение {с}
europaischen,
diesem,
frieden,мир {м} [мирное состояние]
wirtschaftsgemeinschaft,
ewg,
luxemburg,люксембург {м}
elterngeld,
antrag,предложение {с} [также выйти замуж] / заявление {с}
elterngeldstelle,
erlaubnis,разрешение {с}
kindergarten,детсад {м} [разг.] / детский сад {м}
erziehungsberechtigten,
maik,
sybille,
neuen,
anne,
tim,
mutterschutz,охрана {ж} материнства
ausgebildet,
gleichen,походить [несов.] [иметь сходство]
partner,супруг {м} / компаньон {м} [член торговой или промышленной компании] / партнёр {м} / партнёры {мн}
partnerin,супруга {ж} / партнёрша {ж} [разг.]
wieder,внове [разг.] [опять] / вновь / опять / снова [опять]
lassen,переставать [несов.] / перестать [сов.] / позволять [несов.] / оставить [сов.] / оставлять [несов.]
eigenes,
danach,впоследствии / затем
gesundheitsamt,
restaurant,ресторан {м} / ресторация {ж} [устр.]
genehmigung,"согласие {с} [позволение, разрешение] / санкция {ж} [разрешение] / одобрение {с} / разрешение {с} [особ. офиц.] / утверждение {с} [санкционирование]"
abitur,экзамен {м} на аттестат зрелости / аттестат {м} зрелости
nachholen,догонять [несов.]
hochschule,высшее учебное заведение {с} <вуз>
hauptschule,общеобразовательная школа {ж} [для наиболее слабых учеников; с упрощённой программой обучения]
besucht,посещённый
geschlagen,
hungern,голодать [несов.] / голодовать [несов.] [разг.] / изголодаться [сов.] / сидеть на голодном пайке [разг.] [голодать]
nehmen,брать [несов.] / взять [сов.]
hilft,
lehrstellensuche,
anspruch,взыскательность {ж} / притязание {с}
anwesenheitspflicht,обязательное присутствие {с} [напр. при разбирательстве в суде]
z,
b,
wegen,за [+akk.] [по причине] / насчёт [+gen.] [разг.] / вследствие [+gen.] / из-за [+gen.] / ради [+gen.]
behinderung,помеха {ж} [препятствие] / препятствование {с} / инвалидность {ж}
behandelt,обработанный
bunte,
masken,
rosenmontag,[предпоследний день карнавала]
junge,парень {м} [разг.] / мальчик {м} / мальчишка {м} [разг.] / пацан {м} [разг.] / хлопец {м} [разг.] [мальчик]
freund,"друг {м} / друган {м} [разг.] / дружище {м} [разг.] / дружок {м} [разг.] [уменьш.] / кореш {м} [разг.] / приятель {м} / товарищ {м} [приятель, друг] / френд {м} [разг.]"
entscheidung,решение {c}
respektieren,уважать [несов.]
theorie,теория {ж}
vielleicht,авось [разг.] / возможно / может быть / наверно / наверное / пожалуй [может быть] / что ли / ль [разг.]
muttersprache,родной язык {м}
sprachen,
auswahl,подборка {ж} / выбор {м} [товаров и т. п.] / облюбовывание {с}
weiterbildung,переподготовка {ж} / повышение {с} квалификации
weihnachten,
kindergartenplatz,
briefgeheimnis,тайна {ж} корреспонденции
einwilligung,"согласие {с} [позволение, разрешение]"
anwalts,
behorde,
beschweren,отяготить [сов.] [тж. перен.] / отягощать [несов.] [тж. перен.] / тяготить [несов.]
bewirbt,
erfahrungen,
mutter,гайка {ж} / мамаша {ж} [разг.] / матерь {ж} [устр.] [возв.] / матка {ж} [разг.] [мать] / матушка {ж} [мать] / мать {ж} / родительница {ж} [разг.]
buchalter,
beworben,
erfahrung,опыт {м}
hausordnung,правила {мн} внутреннего распорядка
bewohner,житель {м} / обитатель {м}
bewohnerinnen,
bescheid,ответ {м} / информация {ж}
einspruch,вето {с} [нескл.] / возражение {с} / отпор {м} / протест {м}
einlegen,консервировать [несов.] / засолка {ж} [разг.] / мариновать [несов.]
hautfarbe,цвет {м} кожи
lege,
widerspruch,разлад {м} / противоречие {с}
ausbildung,образование {с} / обучение {с} [профессиональное]
alles,всё
wichtig,важно / важный / знаменательный / значимый / насущно
umsatzsteuer,налог {м} с оборота <нсо>
kommune,община {ж} / коммуна {ж}
haut,кожа {ж} / кожура {ж}
reklamieren,
kirchensteuer,церковный налог {м}
einkommen,доход {м} / заработок {м} [доход]
gott,бог {м}
bemalen,раскрасить [сов.] / раскрашивать [несов.]
christentum,христианство {с}
adventszeit,предрождественское время {с} [начинается с четвёртого воскресенья до рождества]
landeszentrale,
geschichtsunterricht,урок {м} истории
politikunterricht,
sprachunterricht,занятия {мн} по языку / преподавание {с} языка / преподавание {с} языков / урок {м} языка
befolgen,
faustrecht,
annehmen,допускать [несов.] [предполагать] / предполагать [несов.] / предположить [сов.] / принимать [несов.] / принять [сов.]
kandidaten,
bestimmte,
kandidatin,кандидатка {ж}
nie,отроду [разг.] / отродясь [разг.] / никогда
weder,
beeinflusst,
gezwungen,"вынужденный / натянутый [о тоне, манерах]"
nachteile,
wahlberechtigten,
volksgesetz,
bundesgesetz,федеральный закон {м}
glaubens,
gewissensfreiheit,свобода {ж} совести
unterhaltung,беседа {ж} / собеседование {с} / развлечение {с}
unantastbar,неприкосновенный
sollen,быть должным
mensch,человек {м}
vereinbar,совместимый
folter,пытка {ж} [тж. перен.] / истязание {с}
todesstrafe,вышка {ж} [устр.] [разг.] [высшая мера наказания в виде смертной казни] / смертная казнь {ж}
geldstrafe,денежный штраф {м}
bundesverfassung,
gesetzbuch,
verfassungsvertrag,
drittel,треть {ж}
abgeschafft,
regierenden,
erreichen,добиваться [несов.] / добиться [сов.] / достижение {с} / достигать [несов.] / достичь [сов.]
konnten,
regierungsparteien,
tatsachen,
behaupten,отстаивать [несов.] [удерживать за собой] / утверждать [несов.] [высказывать мнение]
leserbriefen,
symbole,
solange,пока / покамест [разг.] / покуда [разг.] [пока]
widerspreche,
verbeitet,
zwangsarbeit,каторга {ж} [вид наказания] / каторжные работы {мн} / принудительный труд {м}
berufswahl,выбор {м} профессии
verbreitung,распространение {с} / распространённость {ж}
behauptungen,
einzelne,
diskussionen,
religionen,
petitionen,
ungleichbehandlung,неравное обращение {с}
artikel,статья {ж} <ст.> / предмет {м} [торговли] / артикль {м} / товар {м}
unantastbarkeit,неприкосновенность {ж}
versteht,
unter,при [+prep.] [во время] / валет {м} / под [+instr.] / среди [+gen.]
selbst,даже / сам / сами
aussuchen,приискание {с} [разг.] / выбирать [несов.] / выбрать [сов.] / избрать [сов.] / облюбовать [сов.] / облюбовывать [несов.] / подбирать [несов.] [выбирать]
leicht,слегка [немножко] / нетрудный / легко / лёгкий
bekleidet,
bewegen,двигать [несов.] / двинуть [сов.] / шевельнуть [сов.]
verfolgt,репрессированный
errichten,поставить [сов.] [построить] / построить [сов.] [соорудить] / возвести [сов.] / возводить [несов.] / воздвигать [несов.] [памятник и т.п.] / воздвигнуть [сов.] [памятник и т. п.] / соорудить [сов.] / сооружать [несов.] / учреждать [несов.]
rechtsstaatlich,относящийся к правовому государству
orientiert,ориентированный
gesetzestreu,законопослушный
verfassungswidrig,антиконституционный / неконституционный / противоречащий конституции
staatsform,форма {ж} государства
familienunternehmen,семейное предприятие {с}
kommunistische,
kapitalistische,
verwaltung,администрация {ж} / управление {с}
tier,животное {с} / зверь {м}
wppentier,
pferd,конь {м} / лошадь {ж}
merkmal,критерий {м} [признак] / показатель {м} / признак {м} / примета {ж} [отличительный признак]
unserer,
zue,
rechtsprechung,юрисдикция {ж}
aussage,высказывание {с} / показание {с} / свидетельство {с} [показание]
sozialstaat,социальное государство {с}
finanziert,
kirchensteuern,
schafft,
autoversicherung,
haftpflichtversicherung,страхование {с} ответственности [за причинение вреда]
federal,
state,
regierun,
worten,
signale,
einig,единодушный
vaterland,отечество {с} [возв.] / отчизна {ж} [возв.] / родина {ж}
bestechung,дача {ж} взятки / взятка {ж} [подкуп] / подкуп {м}
begrenzt,ограниченный
verhindern,предотвратить [сов.] / предотвращать [несов.]
wirtschaftlichen,
wettbewerb,конкурс {м} / соперничество {с} [соревнование] / соревнование {с} / состязание {с}
anzuregen,
neues,новь {ж} [новое]
teuer,"ненаглядный [разг.] [дорогой, любимый] / дорого / дорогой"
programm,программа {ж}
richtung,курс {м} [направление] / направление {с} / сторона {ж} [направление]
direkt,"напрямую [разг.] [тж. перен.] / прямиком [разг.] [тж. перен.] / прямолинейный [перен.] [откровенный, прямой] / прямо-таки [разг.] / очно / прямой [непосредственный, без промежуточных инстанций]"
landtagsabgeordnete,депутат {м} ландтага [женщина]
bundestagsabgeordnete,депутат {м} бундестага [женщина]
versicherung,уверение {с} / страхование {с} / страховка {ж} [разг.]
unfallversicherung,страхование {с} от несчастного случая
hausratversicherung,страхование {с} домашнего имущества
haftpflicht,
feuerversicherung,
verkauft,
lebensmittel,пищевой продукт {м} / съестные припасы {мн} / пищевые продукты {мн} / продовольствие {с} / продукты {мн} питания
kleidung,одежда {ж} / платье {с} [одежда вообще] / туалет {м}
kostenlos,безвозмездно / безвозмездный / бесплатно / бесплатный / забесплатно [разг.]
zeitungen,
produziert,
autos,
busse,
zahlt,
museen,
organ,о́рган {м}
verfassungsorganen,
schulpolitik,школьная политика {ж}
lehrerinnen,
familienministerium,
wirtschaftsform,
gelenkte,
kritisch,кризисный / критически / критический
friedlich,безмятежный [мирный] / мирно / мирный
verbrechen,натворить [разг.] [сов.] / криминал {м} [разг.] [преступление] / преступление {с}
begeht,
rechstaat,
rechte,
zeigt,
dieses,это
bild,"образ {м} [то, что представляется, отображается] / изображение {с} [зрительный образ] / картина {ж} / рисунок {м} / снимок {м}"
bundestagssitz,
gemeindeverwaltung,
gewahlt,
ernennt,
ministerinen,
ssw,
gehoren,
herrscht,
kommunalwahl,коммунальные выборы {мн}
exekutiv,
ministerien,
gegliedert,
besatzungszonen,
oststaat,
weststaat,
entwerfen,"намечать [несов.] [разрабатывать предварительно, в общих чертах] / наметить [сов.] [набросать] / проектировать [составлять проект] [несов.]"
kontrollieren,контролировать [несов.]
schrieb,
text,текст {м}
friedrich,
schiller,
johann,иван {м}
wolfgang,
goethe,
verteidigungspolitik,политика {ж} обороны
wirtschaftspolitik,экономическая политика {ж}
schulwesen,школьное дело {с}
dreistufigen,
verwaltungsaufbau,
unterste,
stufte,
gustav,
heinemann,
schmidt,
ernennungsurkunde,верительная грамота {ж}
meseberg,
bellevue,
amtssitz,
jetzige,
wowereit,
beiden,
fraktionen,
zurzeit,в настоящее время
ganz,всецело / весь / совершенно / совсем / целый / целёхонький [разг.] [целый]
bundesgerichtshof,федеральный верховный суд {м}
heutiges,
christliche,
club,клуб {м} [учреждение]
unternehmer,антрепренёр {м} / предприниматель {м}
umweltschutz,защита {ж} окружающей среды / охрана {ж} окружающей среды
bundeswehr,бундесвер {м} [вооружённые силы фрг]
hafen,гавань {ж} / порт {м}
sozialistische,
sozialpolitische,
sozialgerechte,
friedliche,
demonstrative,
auslegung,истолкование {с} / выкладка {ж} [для просмотра] / толкование {с}
oberlandesgericht,высший земельный суд {м}
verwaltungsgericht,административный суд {м}
leitet,
regiert,
entwirft,
bildet,
parteimitglieder,
parlamentarische,
bundesminister,федеральный министр {м}
bundesministerin,федеральный министр {м} [женщина]
vereinigung,ассоциация {ж} / объединение {с} / сочетание {с} [соединение]
wirken,"творчество {с} / действовать [несов.] [оказывать влияние, действие] / подействовать [сов.] [воздействовать]"
bundes,
regierungswechsel,смена {ж} правительства
auswirkungen,
bundespolitik,
reiches,
handelt,
sichere,
unternehmerverband,союз {м} предпринимателей
je,когда-либо <когда-л.> / когда-нибудь
desto,
weniger,менее / меньше
direktkandidaten,
ziehen,сквозить [несов.] [о ветре] / вырывать [несов.] [зуб] / волочение {с} / тянуть [несов.]
risiko,риск {м}
koalition,коалиция {ж}
wahlpflicht,обязанность {ж} участия в выборах
religionspflicht,
besitzen,владеть [несов.] / иметь [несов.] [обладать] / обладать [несов.]
reisepass,заграничный паспорт {м}
sozialversicherungsausweis,карточка {ж} социального страхования
wohngeld,
sitzungen,
zuvor,сначала [перед этим]
sozialversicherungen,
gesetzlichen,
rentenversicherung,пенсионное страхование {с}
jugendlichen,
geehrt,уважаемый
politischen,
wirtschaftlichem,
kulturellem,
geistigem,
sozialem,
besondere,особый
leistung,достижение {с} / мощность {ж} / производительность {ж}
erbracht,
verdienstorden,
ehrentitel,почётное звание {с}
held,герой {м}
ampelkoalition,«светофорная» коалиция {ж}
of,
and,
one,
government,
entlassung,увольнение {с} / отчисление {с} [со службы]
krank,больной
kam,
erledigt,
private,
sachen,вещи {мн}
wahlkabine,кабинка {ж} для голосования
wahlbenachrichtigungen,
medien,мидия {ж} / средства {мн} массовой информации <сми>
wahlhelfer,
karten,
briefe,пи́сьма {мн}
angabe,указание {с} [ссылка]
wahllokals,
journalisten,
wohnt,
bundestagswahlen,
sechs,шестёрка {ж} / шесть
verheiratete,
festen,
speziell,специально / специальный
berufsbezogen,профессионально ориентированный
gewinnt,
mehrheitlich,большей частью / в большинстве случаев
arbeitern,
arbeiterinnen,
kanzlerkandidaten,
kanzlerkandidatin,кандидатка {ж} на пост канцлера
teilzunehmen,
pflicht,обязанность {ж}
last,бремя {с} [тж. перен.] / груз {м} [тж. перен.] / ноша {ж} / нагрузка {ж} / тягость {ж} / обуза {ж} [разг.]
bundestagwahl,
durfen,
heisst,
aktive,
wahlkampagne,
wahlverfahren,
aktiver,
prozent,процент {м} [сотая часть]
regelt,
verurteilten,
wahlsystem,избирательная система {ж}
zensuswahlrecht,
dreiklassenwahlrecht,трёхклассное избирательное право {с}
allgemeines,
zulassungsgrenze,
richtlinie,директива {ж}
unterliegen,подчиняться [несов.] [подвергаться]
geschlossen,закрыто / закрытый
abstimmungsregelung,
bundeskanzlers,
funktion,должность {ж} / действие {с} / функционал {м} / функция {ж}
zwingen,заставить [принудить] [сов.] / заставлять [принуждать] [несов.] / неволить [несов.] [устр.] [разг.] / принудить [сов.] / принуждать [несов.]
abzugeben,
bestehende,
beizubehalten,
armen,
wahlerlaubnis,
wahlgesetz,
programme,
gemeinsamkeiten,
orientierung,ориентация {ж}
so,таким образом / эдак [разг.] [таким образом] / этак [разг.] [таким образом] / столь [книжн.] / так
politikerinnen,
parlamentsmitglieder,
botschafter,посол {м}
botschafterinnen,
leiter,стремянка {ж} / лестница {ж} [с перекладинами] / заведующий {м} / начальник {м} / проводник {м} / руководитель {м}
leiterin,заведующая {ж}
bank,(песчаная) мель {ж} / лавка {ж} [скамья] / скамейка {ж} / скамья {ж} / банк {м}
vorsitzende,председательница {ж}
krankenhaus,больница {ж} / стационар {м}
verdienen,зарабатывание {с} / зарабатывать [несов.] / заработать [сов.]
dabei,к тому же / при этом
bundestags,
landtagswahlen,выборы {мн} в ландтаг
ehemann,муж {м} / супруг {м}
wahltag,день {м} выборов / день {м} голосования
telefonisch,по телефону / телефонный
fahren,"возить [несов.] / кататься [несов.] [на лодке, машине, лыжах, велосипеде и др.] / прокатиться [сов.] [обычно для развлечения] / водить [несов.] [автомобиль, мотоцикл] / отправиться [сов.] [поехать] / езда {ж} / ездить [несов.] / ехать [несов.] / нагонять [сов.] [разг.] [проехать] / поехать [сов.]"
werde,
trainiere,
radfahren,ездить на велосипеде / кататься на велосипеде / езда {ж} на велосипеде
steuerzahler,налогоплательщик {м}
steuerzahlerin,налогоплательщица {ж}
habe,
schreibe,письменный язык {м}
forstamt,лесничество {с}
arbeigerichts,
nebenkostenabrechnung,
nachbarinnen,
schwierigkeiten,проблемы {мн} / сложности {мн}
verkehrsunfall,дорожно-транспортное происшествие {с} <дтп> / транспортная авария {ж}
konflikten,
arbeitswelt,мир {м} труда
zustandig,
familiengericht,семейный суд {м}
strafgericht,
unrecht,неправота {ж} / несправедливость {ж}
gekundigt,
freundlich,"радушный / дружелюбно / дружелюбный / ласково [приветливо] / ласковый [приветливый] / любезно / любезный [предупредительный, учтивый] / приветливый / радушно"
mahnverfahren,
prozess,(судебный) процесс {м} / процесс {м} / суд {м} [судебное разбирательство]
auto,автомашина {ж} / автомобиль {м} / машина {ж} [разг.] [автомобиль]
falsch,притворный / липовый [разг.] [ложный] / ложно / ложный / неверно / неправильно / фальшиво / фальшивый
geparkt,
abgeschleppt,
rechtlichen,
rat,совет {м}
stellt,
urkunden,
verteidigt,
angeklagten,
angeklagte,обвиняемая {ж} [преданная суду] / подсудимая {ж}
berat,
rechtsfragen,
vertrit,
staatsanwalt,прокурор {м}
betreut,
vollziehenden,
planenden,
gesetzgebenden,
verfahren,дело {с} / метод {м} / процесс {м} / способ {м}
erstellen,создавать [несов.] / создать [сов.]
erlassen,
verteidigen,защищать [несов.] / оборонить [сов.] [устр.] / оборонять [несов.]
geborenen,
abgeschlossenen,
jurastudium,изучение {с} права
stellvertreter,зам {м} [разг.] [заместитель] / заместитель {м} / исполняющий {м} обязанности
stellvertreterin,заместительница {ж} [разг.]
stadtoberhaupts,
gemeinderats,
jura,юра {ж} [горы] / юра {ж} / юриспруденция {ж} / право {с} [учебный предмет]
studiert,
mauerbaus,
nationalzialisten,
reichskanzler,рейхсканцлер {м}
errichteten,
verhaftungen,
verfolgung,гонение {с} / преследование {с}
krieg,брань {ж} [возв.] [устр.] [война] / война {ж}
dauerte,
vietnamkrieg,война {ж} во вьетнаме
golfkrieg,
kennzeichnete,
ns,
allgemeinen,
entwicklung,уклон {м} / развитие {с}
claus,
schenk,
stauffenberg,
bekannt,знакомый / известный
goldmedaille,золотая медаль {ж}
olympischen,
spielen,играть [несов.] / играться [несов.] [разг.] [играть] / сыграть [сов.]
bau,"постройка {ж} [строительство] / здание {с} / постройка {ж} [здание] / каталажка {ж} [разг.] [презр.] [тюрьма] / кутузка {ж} [разг.] / нора {ж} [барсука, бобра, лисицы, кролика, гадюки] / норка {ж} [уменьш.] [нора] / строительство {с} / стройка {м}"
aufbau,налаживание {с} / конструкция {ж} / построение {с} / строение {с}
wehrmacht,вермахт {м}
passierte,
november,ноябрь {м}
angriff,посягательство {с} / агрессия {ж} [нападение] / атака {ж} / нападение {с}
reichstag,рейхстаг {м}
reifen,поспевать [несов.] [созревать] / поспеть [сов.] [созреть] / спеть [несов.] [о плодах] / шина {ж} / покрышка {ж} / зреть [созревать] [несов.] / назревать [несов.] / назреть [сов.]
wir,мы
arbeiteraufstand,
anti,
atomkraft,атомная энергия {ж} / ядерная энергия {ж}
weltkreig,
allierte,
besatzungmachte,
italien,италия {ж}
japan,япония {ж}
spanien,испания {ж}
portugal,португалия {ж}
alliierte,союзница {ж}
besatzungsmacht,оккупационная держава {ж} / оккупирующая держава {ж}
freien,сватовство {с}
entfaltung,развёртывание {с} / развитие {с}
steuert,
allein,лишь [только] / один [только] / в одиночку / одинокий
geplant,запланированный
gesteuert,управляемый
britischen,
vereinten,
nationen,
vn,
gegrundet,
zweitte,
besatzungszonen,
verteilt,распределённый
sektoren,
augeteilt,
burgerinen,
luftbruke,
umstadt,
dafur,
hatten,
landtransport,
schneller,быстрее
endete,
tod,"гибель {ж} [смерть] / капут {м} [разг.] [гибель, смерть] / кончина {ж} [возв.] / смерть {ж}"
hitlers,
besetzten,
gebieten,велеть [сов./несов.] [приказать/приказывать]
revolution,революция {ж}
wollte,
willy,
brandt,
seinem,
kniefall,коленопреклонение {с} [возв.]
chemaligen,
judischen,
ghetto,гетто {с} [нескл.]
warschau,варшава {ж}
ausdruken,
ehemaligen,
unterworfen,подвергнутый / покорённый
zeigte,
demut,покорность {ж} [смирение] / смирение {с}
sprach,
gebet,молитва {ж}
grab,могила {ж} / погребение {с} [могила]
unbekannten,
zwangsweise,принудительным образом
vereint,
einheitspartei,
spataren,
wirtschaftswunder,экономическое чудо {с}
nannten,
null,ноль {м}
sommerzeit,летняя пора́ {ж} / летнее время {с}
winterzeit,зимняя пора́ {ж} / зимнее время {с}
umgestellt,
stand,по состоянию на [дату] / сословие {с} / стойло {с} / ларёк {м} / стенд {м} [на выставке] / счёт {м} [в незаконченной игре]
ausdruck,распечатанный документ {м} / печатание {с} / выражение {с}
eiserner,
vorhang,занавеска {ж} / занавес {м} / занавесь {ж} / кулиса {ж}
abschottung,изоляция {ж} [разобщённость]
aufstand,бунт {м} / восстание {с} / мятеж {м}
erinnerte,
hatte,
goldene,
ahrenkranz,
drittes,
dritter,третий
rundfunk,радио {с} [нескл.] / радиовещание {с}
erreichbar,достижимый / доступный / досягаемый
oktober,октябрь {м}
feiert,
saxony,
herbst,осень {ж}
veranderte,
politisch,политически / политический
liberalen,
sozialismus,социализм {м}
kommunistischen,
meinte,
regierende,
volksbildung,народное образование {с}
folgenden,
auflistungen,
fruheren,
gehorten,
rheinland,
pfalz,пфальц {м} / пфальц {м}
niedersachen,
wem,кому
kalten,
kreig,
blockfreien,
wirtschaftssystem,экономическая система {ж}
westlichen,
neun,девятка {ж} / девять
nun,ну / ныне [возв.] [теперь] / теперь
opec,
verteidigungsgemeinschaft,
wort,слово {с}
montagsdemonstration,
monat,
trafen,
demonstranten,
demonstrierte,
rheinbund,рейнский союз {м}
dritten,
wappen,герб {м}
staatswappen,государственный герб {м}
besteht,
gelben,
goldenen,
gelber,
farbe,"окрас {м} / карточная масть {ж} / краска {ж} / цвет {м} [окраска, окрас]"
ereignete,
feierliche,
parteitag,партийный съезд {м} / партсъезд {м}
besuch,"посещение {с} / свидание {с} [в больнице, тюрьме и т. п.] / визит {м}"
fidel,весёлый / фидель {м}
castros,
michail,
gorbatschow,
vollem,
namen,
bundesbezirk,
symbol,символ {м}
plenarsaal,пленарный зал {м}
sehen,видеть [несов.] / зреть [видеть] [книжн.] [несов.] / смотреть [несов.] / увидеть [сов.] / узреть [устр.] [книжн.] [сов.] [увидеть]
fahne,перегар {м} [разг.] [запах спиртного] / спиртной дух {м} [исходящий от кого-л.] / знамя {с} / флаг {м}
reichsadler,
reichskrone,имперская корона {ж}
zeitraum,время {с} [период] / период {м} (времени) / промежуток {м} (времени)
hinzu,
grenzen,
januar,январь {м}
offizieller,
woran,
erinnert,
verabschiedung,
schengener,
abkommens,
personenkontrolle,проверка {ж} личных документов
einreisen,въезд {м} [в страну] / въезжать [несов.] [в страну] / въехать [сов.] [в страну]
jedem,
allgemein,общий
gemeinschaft,сообщество {с}
namlich,
integration,интеграция {ж}
amerikanische,
einwanderer,иммигрант {м} / переселенец {м} [иммигрант]
einwanderungsstopp,
auswanderer,переселенец {м} [эмигрант]
kommission,комиссия {ж}
eintreten,"вступать [в организацию] [несов.] / вступить [в организацию] [сов.] / зайти [сов.] [войти] / заходить [несов.] [входить] / воцариться [сов.] [книжн.] [перен.] [о тишине, молчании и т.п.] / случаться [несов.] / войти [сов.] / входить [несов.]"
sitz,"кресло {с} [сиденье] / сидение {с} [предмет, на котором сидят] / сиденье {с}"
francois,
mitterrand,
gedenken,намереваться [несов.]
verdun,
gemeinsam,коллективный / вместе / заодно [сообща] / общий / совместно / совместный / сообща
toten,
beider,
weltkriege,
treffen,видеть [несов.] [встречать] / встречать [несов.] / постигать [несов.] [о горе и т. п.] / постигнуть [сов.] [о горе и т. п.] / постичь [сов.] [о горе и т. п.] / свидание {с} / встреча {ж}
deutlich,отчётливо / отчётливый / раздельный [о речи и т.п.] / членораздельный / чёткий / явный
freundschaft,дружба {ж}
zwischen,меж [+akk.] [устр.] [книжн.] / между [+instr.] / промеж [+gen.] [(реже) +instr.] [устр.] [разг.] [между]
england,англия {ж}
reisefreiheit,
feiertage,
mitgliedstaaten,
gefeiert,
inhalt,контент {м} [книжн.] / содержание {с}
vertrage,
verpflichtung,долг {м} [обязанность] / обязанность {ж} [долг] / обязательство {с}
reparationsleistungen,
festlegung,определение {с} [установление] / установление {с}
linie,линия {ж} / черта {ж} [линия]
ostgrenze,
orten,определять местонахождение / лоцировать [несов.]
europaische,
paris,парис {м} / париж {м}
london,лондон {м}
haag,
rom,рим {м}
bern,берн {м}
wien,вена {ж}
mailand,милан {м}
wirtschaftgemeinschaft,
hamburger,гамбургский / гамбуржец {м} / гамбургер {м}
pariser,парижский / парижанин {м} / презерватив {м}
londoner,лондонский / лондонец {м}
bar,бар {м} [маленький ресторан]
seger,
krankenkasse,страховая медицинская организация {ж}
arbeitsamt,биржа {ж} труда
bitten,запрашивать [несов.] / попросить [сов.] / просить [несов.]
freunden,
strase,
abhalten,удерживать [от чего-л.] [несов.]
vorher,заранее / предварительно [заранее] / прежде
jederzeit,в любое время / в любой момент / во всякое время / всегда / когда угодно
gar,
verein,общество {с} [организация] / объединение {с} [организация]
vereine,
studium,исследование {с} [действие] / изучение {с} / учение {с} [изучение] / учёба {ж} [в высшем или специализированном учебном заведении]
beginnen,приниматься [несов.] [+ инф] / приняться [сов.] [+ инф.] / наступить [сов.] [начаться] / начать [сов.] / начаться [сов.] / начинать [несов.] / начинаться [несов.]
diplom,диплом {м}
prokura,генеральная доверенность {ж} / прокура {ж}
paar,чета {ж} [устр.] / пара {ж}
zusammenleben,совместная жизнь {ж} / сожительствовать [несов.] [жить совместно]
hans,
marie,
tom,
sofie,
lisa,
schwanger,беременная
kurz,краткий / кратко / беглый [краткий] / непродолжительный / кратковременный / короткий / коротко / куцый [разг.] [короткий]
geburt,рождение {с}
besonders,в особенности / в частности [в особенности] / особенно / особо [особенно]
besuchtzt,
heist,
schutzt,
elternzeit,отпуск {м} по уходу за ребёнком
geburtsvorbereitung,
wochenbett,послеродовой период {м}
erziehung,воспитание {с}
kindererziehung,воспитание {с} детей
verwandten,
besten,
chancen,шансы {мн}
bezahlten,
katholisch,католический
niemanden,
mehrere,несколько
ehepartner,супруг {м}
ehepartnerinnen,
gleichzeitig,заодно [разг.] [одновременно] / одновременно / одновременный / попутно [в то же самое время]
gestorben,
umziehen,переезжать [несов.] / переехать [сов.] / сменить место жительства [книжн.] / сменять место жительства
gewerbeamt,ведомство {с} по вопросам предпринимательской деятельности
ehepaare,
scheiden,развести [сов.] [расторгнуть чей-л. брак] / разлучаться [несов.]
trennungsjahr,
eihalten,
scheidungsprozess,бракоразводный процесс {м}
dauert,
besuchsrecht,
erziehungsproblemen,
hilfe,выручка {ж} [разг.] [помощь] / подмога {ж} [разг.] [помощь] / подспорье {с} [помощь] / помощь {ж}
schulamt,
ehepaar,супруги {мн}
mochte,
eroffnen,
unbedingt,"абсолютный [о покое, об успехе и т. п.] / непременно / неукоснительно / обязательно"
einwohnermeldeamts,
berufsinformationszentrum,
biz,
bundesagentur,
rentenberechnung,исчисление {с} пенсии / пенсий
unbegrenzte,
wahlfreiheit,
schulgeld,плата {ж} за обучение
evening,
school,
benachteiligen,
ausreichende,
vorliegen,наличие {с}
klagen,
benachteiligten,
gruppen,
spenden,жертвовать [дарить] [несов.]
strafgestzte,
verstossen,
teilen,делиться [с кем.л] [несов.] / деление {с} / делить [несов.] / разделять [несов.]
maifeiertag,
oktoberfest,октоберфест {м} [народный праздник в мюнхене]
wohin,куда
zuerst,вначале / поначалу [разг.] / сначала / сперва [разг.]
agentur,"агентство {с} / агентура {ж} / о́рган {м} [учреждение, организация]"
nachtruhe,ночной отдых {м} / ночной покой {м}
sonne,солнце {с}
untergeht,
schlafen,давить щёку / подушку [шутл.] [спать] / спать [несов.]
mitternacht,полночь {ж} / полуночь {ж} [поэт.]
finden,найти [сов.] / находить [несов.] / обнаружить [сов.] [найти] / отыскать [сов.]
ihnen,вам
gefallt,
elterliche,
suchen,подыскать [сов.] / подыскивать [несов.] / приискать [сов.] [разг.] / приискивать [несов.] [разг.] / искание {с} / искать [несов.] / отыскивать [несов.] [искать]
prufung,
mutterspraches,
bevor,прежде чем
keinen,
sprache,язык {м} [речь] / манера {ж} говорить / речь {ж} [язык]
volkshochschule,(вечерние) общеобразовательные курсы {мн}
einrichtung,устройство {с} / убранство {с} [обстановка комнаты] / вправление {с} вывиха / меблировка {ж} [разг.] [собир.] / обстановка {ж} [меблировка] / учреждение {с}
zi,
verstecken,припрятывание {с} [разг.] / прятать [несов.] / спрятать [сов.]
verkleiden,маскировать [несов.]
lebensform,образ {м} жизни / жизненная форма {ж}
geschieden,разведённый
partnern,
alleinerziehender,
vater,батька {м} [разг.] [отец] / батюшка {ж} [разг.] [отец] / батя {м} [разг.] [отец] / отец {м} / пахан {м} [жарг.] [отец] / тятя {м} [разг.] [устр.]
ersteinschulung,
monatliches,
taschengeld,карманные деньги {мн}
platz,площадка {ж} / площадь {ж} [в городе и т. п.] / сидение {с} / место {с} / плац {м}
ferienpass,
absichtlich,намеренно / намеренный / нарочито / нарочно [с намерением] / преднамеренный / специально [разг.] [намеренно] / с умыслом / умышленно / умышленный
persion,
addressiert,
beachtet,
schweigerecht,
ehescheidung,развод {м} [расторжение брака] / расторжение {с} брака
attest,свидетельство {с} [аттестация]
arztes,
sollten,
ansprechpartner,"контактное лицо {с} [представитель какой-л. организации, к которому можно обратиться за информацией]"
ansprechepartnerin,
schlecht,"негодный [разг.] [дурной, скверный] / неважный [разг.] [плохой] / неладно / нехороший / паршивый [разг.] [презр.] [плохой, тж. о человеке] / плохо / плохой / скверно / худо [разг.]"
behandlung,рассмотрение {с} [обсуждение] / обращение {с} [обхождение] / обхождение {с} / отношение {с} [обращение] / лечение {с}
gefallen,одолжение {с} / нравиться [несов.] / погибший [в бою] / понравиться [сов.] / уроненный
drohe,
zweijahriges,
beispeil,
mietshausern,
solchen,
benutzung,использование {с} / пользование {с} / употребление {с} / эксплуатация {ж}
verkehrsmittel,тра́нспорт {м} [собир.] [виды транспорта]
mieter,арендатор {м} [помещения] / квартирант {м} / квартиросъёмщик {м} / наниматель {м} [арендатор] / наёмщик {м} [разг.] [съёмщик] / съёмщик {м}
mieterinnen,
haus,дом {м} / курень {м} [разг.] [на украине и в южных областях россии: жилой дом]
adresse,адрес {м}
ordnungsamtes,
falschen,
steuerbescheid,
wehren,
wegwerfen,выбрасывать [несов.] / выбросить [сов.] / выкидывать [несов.] / выкинуть [сов.]
warten,обслуживать [технику] [несов.] / содержать в исправности / ждать [несов.]
anderer,другой / отличный [иной]
freunde,друзья {мн}
schwimmbad,(плавательный) бассейн {м}
beide,оба
hineingelassen,
situation,конъюнктура {ж} [положение] / ситуация {ж}
verletzt,оскорблённый / раненый / травмированный
ehrenamt,волонтёрство {с} / работа {ж} на общественных началах
aufgefordert,
vereinstrainer,
vereinstrainerin,
bibliothek aufsicht,
lehrerin,наставница {ж} [книжн.] / преподавательница {ж} / училка {ж} [разг.] [презр.] / учительница {ж}
lasse,
liegen,находиться [несов.] [быть расположенным] / лежание {с} / лежать [несов.]
schicke,
gehe,
zukunft,будущее {с} / грядущее {с} [возв.]
schnell,оперативный [быстрый] / быстро / быстрый / по-быстрому / скорый / стремительно
kan,
frost,заморозки {мн} / мороз {м} / стужа {ж} [разг.]
mitarbeiterin,сотрудница {ж}
gehalt,жалованье {с} [книжн.] / заработок {м}
renten,
organisation,организация {ж}
arbeitnehmern,
arbeitnehmerin,
arbeigeber,
betriebsgruppe,
betriebsmanagement,
mochten,
arbeitsverhaltnis,
beenden,завершать [несов.] / завершить [сов.] / заканчивать [несов.] / закончить [сов.] / кончать [несов.] / кончить [сов.] / оканчивать [несов.] / окончить [сов.] / прекратить [сов.] [закончить]
beachten,иметь в виду [принимать во внимание] / принимать во внимание / учесть [сов.] / учитывать [несов.]
gehaltszahlungen,
regel,менструация {ж} / месячные {мн} [разг.] / правило {с} / принцип {м} [правило]
hund,падаль {ж} [бран.] [о ничтожном человеке] / пёс {м} / собака {ж}
dunkler,темнее
kellner,кельнер {м} / официант {м} / человек {м} [устр.] [официант]
diskriminieurung,
kenntnisse,багаж {м} знаний [перен.] / знания {мн}
gering,низкий / незначительно
gekauft,
hause,
packen,паковать [несов.] / схватить [сов.] / сложиться [сов.] [разг.] [упаковать чемодан] / упаковывать [несов.] / пачка {ж} [стопка] / свёрток {м} [завёрнутые вещи] / тюк {м}
doch,а [после уступительного выражения или предложения] / же [я же сказал тебе...] / ведь / таки [разг.] [однако] / всё-таки / опять-таки [разг.] [всё-таки]
funktioniert,
kaputt,испорченный / ломаный / поломанный / сломанный
anzeige,донос {м} / дисплей {м} / заявление {с} [в полицию и т. п.] / объявление {с} [в газете и т. п.] / показания {мн} [измерительных приборов] / извещение {с} [объявление в газете] / анонс {м} / индикация {ж} / сообщение {с} о правонарушении / уведомление {с}
ungefragt,без спроса / не прошенный / не спрошенный
austauschen,заменять [несов.] / обмениваться [несов.] / подменять [несов.]
garantie,гарантия {ж}
aufschreiben,записать [сов.] [сделать заметки] / записывать [несов.] [делать заметки]
statistik,статистика {ж}
toleranz,терпимость {ж} / толерантность {ж}
bedeuatet,
moscheen,
ostern,
raketen,
luft,воздух {м}
pfingsten,пятидесятница {ж} / троица {ж} [троицын день]
internationaler,
trauertag,
bayerischer,
kultur,культура {ж}
christianity,
wochen,
bettag,
erntedankfest,праздник {м} урожая
allerheiligen,
gekommen,
lebten,
somalia,сомали {с} [нескл.]
nordkorea,северная корея {ж}
mexiko,мексика {ж}
bundeshrepublik,
angeworben,
nannte,
schwarzarbeiter,
schwarzarbeiterinnen,
zeitarbeiter,временный сотрудник {м}
zeitarbeiterinnen,
schichtarbeiter,сменщик {м}
schichtarbeiterinnen,
landkreis,"район {м} [единица административного деления германии, кроме северного рейна-вестфалии и шлезвиг-гольштейна]"
rhein,рейн {м}
sieg,выигрыш {м} [победа] / победа {ж}
kreis,район {м} [в северном рейне - вестфалии и шлезвиг-хольштайне] / круг {м} / окружность {ж}
landtag,"ландтаг {м} [орган самоуправления области или земли в германии, австрии, лихтенштейне, южном тироле]"
kommunalwahlen,муниципальные выборы {мн}
landesflagge,
themen,
informieren,извещать [несов.] / информировать [сов./несов.]
verbraucherzentrale,
kirchen,
landeshauptstadt,"столица {ж} (федеральной) земли [германии, австрии]"
regierungschef,глава {м} правительства
regierungschefin,глава {ж} правительства
innenminister,министр {м} внутренних дел
innenministerin,министр {м} внутренних дел [женщина]
